[31May2025 22:24:52.651] [main/INFO] [cpw.mods.modlauncher.Launcher/MODLAUNCHER]: ModLauncher running: args [--launchTarget, forgeserver, --fml.forgeVersion, 47.3.7, --fml.mcVersion, 1.20.1, --fml.forgeGroup, net.minecraftforge, --fml.mcpVersion, 20230612.114412, nogui]
[31May2025 22:24:52.657] [main/INFO] [cpw.mods.modlauncher.Launcher/MODLAUNCHER]: ModLauncher 10.0.9+10.0.9+main.dcd20f30 starting: java version 17.0.14 by Ubuntu; OS Linux arch amd64 version 6.8.0-1027-azure
[31May2025 22:24:52.686] [main/DEBUG] [cpw.mods.modlauncher.LaunchServiceHandler/MODLAUNCHER]: Found launch services [fmlclientdev,forgeclient,minecraft,forgegametestserverdev,fmlserveruserdev,fmlclient,fmldatauserdev,forgeserverdev,forgeserveruserdev,forgeclientdev,forgeclientuserdev,forgeserver,forgedatadev,fmlserver,fmlclientuserdev,fmlserverdev,forgedatauserdev,testharness,forgegametestserveruserdev]
[31May2025 22:24:52.699] [main/DEBUG] [cpw.mods.modlauncher.NameMappingServiceHandler/MODLAUNCHER]: Found naming services : [srgtomcp]
[31May2025 22:24:52.717] [main/DEBUG] [cpw.mods.modlauncher.LaunchPluginHandler/MODLAUNCHER]: Found launch plugins: [mixin,eventbus,slf4jfixer,object_holder_definalize,runtime_enum_extender,capability_token_subclass,accesstransformer,runtimedistcleaner]
[31May2025 22:24:52.726] [main/DEBUG] [cpw.mods.modlauncher.TransformationServicesHandler/MODLAUNCHER]: Discovering transformation services
[31May2025 22:24:52.731] [main/DEBUG] [net.minecraftforge.fml.loading.FMLPaths/CORE]: Path GAMEDIR is /workspaces/sdgfgsfgsf/servidor_minecraft
[31May2025 22:24:52.731] [main/DEBUG] [net.minecraftforge.fml.loading.FMLPaths/CORE]: Path MODSDIR is /workspaces/sdgfgsfgsf/servidor_minecraft/mods
[31May2025 22:24:52.731] [main/DEBUG] [net.minecraftforge.fml.loading.FMLPaths/CORE]: Path CONFIGDIR is /workspaces/sdgfgsfgsf/servidor_minecraft/config
[31May2025 22:24:52.732] [main/DEBUG] [net.minecraftforge.fml.loading.FMLPaths/CORE]: Path FMLCONFIG is /workspaces/sdgfgsfgsf/servidor_minecraft/config/fml.toml
[31May2025 22:24:53.383] [main/DEBUG] [cpw.mods.modlauncher.TransformationServicesHandler/MODLAUNCHER]: Found additional transformation services from discovery services: 
[31May2025 22:24:53.388] [main/INFO] [net.minecraftforge.fml.loading.ImmediateWindowHandler/]: ImmediateWindowProvider not loading because launch target is forgeserver
[31May2025 22:24:53.394] [main/DEBUG] [cpw.mods.modlauncher.TransformationServicesHandler/MODLAUNCHER]: Found transformer services : [mixin,fml]
[31May2025 22:24:53.395] [main/DEBUG] [cpw.mods.modlauncher.TransformationServicesHandler/MODLAUNCHER]: Transformation services loading
[31May2025 22:24:53.395] [main/DEBUG] [cpw.mods.modlauncher.TransformationServiceDecorator/MODLAUNCHER]: Loading service mixin
[31May2025 22:24:53.396] [main/DEBUG] [cpw.mods.modlauncher.TransformationServiceDecorator/MODLAUNCHER]: Loaded service mixin
[31May2025 22:24:53.396] [main/DEBUG] [cpw.mods.modlauncher.TransformationServiceDecorator/MODLAUNCHER]: Loading service fml
[31May2025 22:24:53.397] [main/DEBUG] [net.minecraftforge.fml.loading.LauncherVersion/CORE]: Found FMLLauncher version 1.0
[31May2025 22:24:53.397] [main/DEBUG] [net.minecraftforge.fml.loading.FMLLoader/CORE]: FML 1.0 loading
[31May2025 22:24:53.397] [main/DEBUG] [net.minecraftforge.fml.loading.FMLLoader/CORE]: FML found ModLauncher version : 10.0.9+10.0.9+main.dcd20f30
[31May2025 22:24:53.397] [main/DEBUG] [net.minecraftforge.fml.loading.FMLLoader/CORE]: FML found AccessTransformer version : 8.0.4+66+master.c09db6d7
[31May2025 22:24:53.398] [main/DEBUG] [net.minecraftforge.fml.loading.FMLLoader/CORE]: FML found EventBus version : 6.0.5+6.0.5+master.eb8e549b
[31May2025 22:24:53.398] [main/DEBUG] [net.minecraftforge.fml.loading.FMLLoader/CORE]: Found Runtime Dist Cleaner
[31May2025 22:24:53.399] [main/DEBUG] [net.minecraftforge.fml.loading.FMLLoader/CORE]: FML found CoreMod version : 5.1.6
[31May2025 22:24:53.399] [main/DEBUG] [net.minecraftforge.fml.loading.FMLLoader/CORE]: Found ForgeSPI package implementation version 7.0.1+7.0.1+master.d2b38bf6
[31May2025 22:24:53.400] [main/DEBUG] [net.minecraftforge.fml.loading.FMLLoader/CORE]: Found ForgeSPI package specification 5
[31May2025 22:24:53.400] [main/DEBUG] [cpw.mods.modlauncher.TransformationServiceDecorator/MODLAUNCHER]: Loaded service fml
[31May2025 22:24:53.400] [main/DEBUG] [cpw.mods.modlauncher.TransformationServicesHandler/MODLAUNCHER]: Configuring option handling for services
[31May2025 22:24:53.407] [main/DEBUG] [cpw.mods.modlauncher.TransformationServicesHandler/MODLAUNCHER]: Transformation services initializing
[31May2025 22:24:53.408] [main/DEBUG] [cpw.mods.modlauncher.TransformationServiceDecorator/MODLAUNCHER]: Initializing transformation service mixin
[31May2025 22:24:53.420] [main/DEBUG] [mixin/]: MixinService [ModLauncher] was successfully booted in cpw.mods.cl.ModuleClassLoader@7a3d45bd
[31May2025 22:24:53.432] [main/INFO] [mixin/]: SpongePowered MIXIN Subsystem Version=0.8.5 Source=union:/workspaces/sdgfgsfgsf/servidor_minecraft/libraries/org/spongepowered/mixin/0.8.5/mixin-0.8.5.jar%2365!/ Service=ModLauncher Env=SERVER
[31May2025 22:24:53.435] [main/DEBUG] [mixin/]: Initialising Mixin Platform Manager
[31May2025 22:24:53.435] [main/DEBUG] [mixin/]: Adding mixin platform agents for container ModLauncher Root Container(ModLauncher:4f56a0a2)
[31May2025 22:24:53.435] [main/DEBUG] [mixin/]: Instancing new MixinPlatformAgentMinecraftForge for ModLauncher Root Container(ModLauncher:4f56a0a2)
[31May2025 22:24:53.436] [main/DEBUG] [mixin/]: MixinPlatformAgentMinecraftForge rejected container ModLauncher Root Container(ModLauncher:4f56a0a2)
[31May2025 22:24:53.436] [main/DEBUG] [mixin/]: Instancing new MixinPlatformAgentDefault for ModLauncher Root Container(ModLauncher:4f56a0a2)
[31May2025 22:24:53.436] [main/DEBUG] [mixin/]: MixinPlatformAgentDefault accepted container ModLauncher Root Container(ModLauncher:4f56a0a2)
[31May2025 22:24:53.438] [main/DEBUG] [cpw.mods.modlauncher.TransformationServiceDecorator/MODLAUNCHER]: Initialized transformation service mixin
[31May2025 22:24:53.438] [main/DEBUG] [cpw.mods.modlauncher.TransformationServiceDecorator/MODLAUNCHER]: Initializing transformation service fml
[31May2025 22:24:53.438] [main/DEBUG] [net.minecraftforge.fml.loading.FMLServiceProvider/CORE]: Setting up basic FML game directories
[31May2025 22:24:53.439] [main/DEBUG] [net.minecraftforge.fml.loading.FMLPaths/CORE]: Path GAMEDIR is /workspaces/sdgfgsfgsf/servidor_minecraft
[31May2025 22:24:53.439] [main/DEBUG] [net.minecraftforge.fml.loading.FMLPaths/CORE]: Path MODSDIR is /workspaces/sdgfgsfgsf/servidor_minecraft/mods
[31May2025 22:24:53.439] [main/DEBUG] [net.minecraftforge.fml.loading.FMLPaths/CORE]: Path CONFIGDIR is /workspaces/sdgfgsfgsf/servidor_minecraft/config
[31May2025 22:24:53.439] [main/DEBUG] [net.minecraftforge.fml.loading.FMLPaths/CORE]: Path FMLCONFIG is /workspaces/sdgfgsfgsf/servidor_minecraft/config/fml.toml
[31May2025 22:24:53.439] [main/DEBUG] [net.minecraftforge.fml.loading.FMLServiceProvider/CORE]: Loading configuration
[31May2025 22:24:53.442] [main/DEBUG] [net.minecraftforge.fml.loading.FMLServiceProvider/CORE]: Preparing ModFile
[31May2025 22:24:53.444] [main/DEBUG] [net.minecraftforge.fml.loading.FMLServiceProvider/CORE]: Preparing launch handler
[31May2025 22:24:53.445] [main/DEBUG] [net.minecraftforge.fml.loading.FMLLoader/CORE]: Using forgeserver as launch service
[31May2025 22:24:53.457] [main/DEBUG] [net.minecraftforge.fml.loading.FMLLoader/CORE]: Received command line version data  : VersionInfo[forgeVersion=47.3.7, mcVersion=1.20.1, mcpVersion=20230612.114412, forgeGroup=net.minecraftforge]
[31May2025 22:24:53.458] [main/DEBUG] [cpw.mods.modlauncher.TransformationServiceDecorator/MODLAUNCHER]: Initialized transformation service fml
[31May2025 22:24:53.458] [main/DEBUG] [cpw.mods.modlauncher.NameMappingServiceHandler/MODLAUNCHER]: Current naming domain is 'srg'
[31May2025 22:24:53.459] [main/DEBUG] [cpw.mods.modlauncher.NameMappingServiceHandler/MODLAUNCHER]: Identified name mapping providers {}
[31May2025 22:24:53.459] [main/DEBUG] [cpw.mods.modlauncher.TransformationServicesHandler/MODLAUNCHER]: Transformation services begin scanning
[31May2025 22:24:53.460] [main/DEBUG] [cpw.mods.modlauncher.TransformationServiceDecorator/MODLAUNCHER]: Beginning scan trigger - transformation service mixin
[31May2025 22:24:53.460] [main/DEBUG] [cpw.mods.modlauncher.TransformationServiceDecorator/MODLAUNCHER]: End scan trigger - transformation service mixin
[31May2025 22:24:53.460] [main/DEBUG] [cpw.mods.modlauncher.TransformationServiceDecorator/MODLAUNCHER]: Beginning scan trigger - transformation service fml
[31May2025 22:24:53.460] [main/DEBUG] [net.minecraftforge.fml.loading.FMLServiceProvider/CORE]: Initiating mod scan
[31May2025 22:24:53.468] [main/DEBUG] [net.minecraftforge.fml.loading.moddiscovery.ModListHandler/CORE]: Found mod coordinates from lists: []
[31May2025 22:24:53.472] [main/DEBUG] [net.minecraftforge.fml.loading.moddiscovery.ModDiscoverer/CORE]: Found Mod Locators : (mods folder:null),(maven libs:null),(exploded directory:null),(minecraft:null),(userdev classpath:null)
[31May2025 22:24:53.472] [main/DEBUG] [net.minecraftforge.fml.loading.moddiscovery.ModDiscoverer/CORE]: Found Dependency Locators : (JarInJar:null)
[31May2025 22:24:53.479] [main/DEBUG] [net.minecraftforge.fml.loading.moddiscovery.ModFileParser/LOADING]: Considering mod file candidate /workspaces/sdgfgsfgsf/servidor_minecraft/mods/Aquaculture-1.20.1-2.5.5.jar
[31May2025 22:24:53.514] [main/DEBUG] [net.minecraftforge.fml.loading.moddiscovery.ModFileInfo/LOADING]: Found valid mod file Aquaculture-1.20.1-2.5.5.jar with {aquaculture} mods - versions {2.5.5}
[31May2025 22:24:53.525] [main/DEBUG] [net.minecraftforge.fml.loading.moddiscovery.ModFileParser/LOADING]: Considering mod file candidate /workspaces/sdgfgsfgsf/servidor_minecraft/mods/architectury-9.2.14-forge.jar
[31May2025 22:24:53.529] [main/DEBUG] [net.minecraftforge.fml.loading.moddiscovery.ModFileInfo/LOADING]: Found valid mod file architectury-9.2.14-forge.jar with {architectury} mods - versions {9.2.14}
[31May2025 22:24:53.531] [main/DEBUG] [net.minecraftforge.fml.loading.moddiscovery.ModFileParser/LOADING]: Considering mod file candidate /workspaces/sdgfgsfgsf/servidor_minecraft/mods/ArPhEx-4.4.9-forge-1.20.1.jar
[31May2025 22:24:53.532] [main/DEBUG] [net.minecraftforge.fml.loading.moddiscovery.ModFileInfo/LOADING]: Found valid mod file ArPhEx-4.4.9-forge-1.20.1.jar with {arphex} mods - versions {4.4.9}
[31May2025 22:24:53.533] [main/DEBUG] [net.minecraftforge.fml.loading.moddiscovery.ModFileParser/LOADING]: Considering mod file candidate /workspaces/sdgfgsfgsf/servidor_minecraft/mods/balm-forge-1.20.1-7.3.27-all.jar
[31May2025 22:24:53.535] [main/DEBUG] [net.minecraftforge.fml.loading.moddiscovery.ModFileInfo/LOADING]: Found valid mod file balm-forge-1.20.1-7.3.27-all.jar with {balm} mods - versions {7.3.27}
[31May2025 22:24:53.538] [main/DEBUG] [net.minecraftforge.fml.loading.moddiscovery.ModFileParser/LOADING]: Considering mod file candidate /workspaces/sdgfgsfgsf/servidor_minecraft/mods/BetterAnimationsCollection-v8.0.0-1.20.1-Forge.jar
[31May2025 22:24:53.539] [main/DEBUG] [net.minecraftforge.fml.loading.moddiscovery.ModFileInfo/LOADING]: Found valid mod file BetterAnimationsCollection-v8.0.0-1.20.1-Forge.jar with {betteranimationscollection} mods - versions {8.0.0}
[31May2025 22:24:53.540] [main/DEBUG] [net.minecraftforge.fml.loading.moddiscovery.ModFileParser/LOADING]: Considering mod file candidate /workspaces/sdgfgsfgsf/servidor_minecraft/mods/cannibal-1.0.5-1.20.1.jar
[31May2025 22:24:53.542] [main/DEBUG] [net.minecraftforge.fml.loading.moddiscovery.ModFileInfo/LOADING]: Found valid mod file cannibal-1.0.5-1.20.1.jar with {cannibal} mods - versions {1.0.5-1.20.1}
[31May2025 22:24:53.543] [main/DEBUG] [net.minecraftforge.fml.loading.moddiscovery.ModFileParser/LOADING]: Considering mod file candidate /workspaces/sdgfgsfgsf/servidor_minecraft/mods/carryon-forge-1.20.1-2.1.2.7.jar
[31May2025 22:24:53.546] [main/DEBUG] [net.minecraftforge.fml.loading.moddiscovery.ModFileInfo/LOADING]: Found valid mod file carryon-forge-1.20.1-2.1.2.7.jar with {carryon} mods - versions {2.1.2.7}
[31May2025 22:24:53.547] [main/DEBUG] [net.minecraftforge.fml.loading.moddiscovery.ModFileParser/LOADING]: Considering mod file candidate /workspaces/sdgfgsfgsf/servidor_minecraft/mods/CGM-Unofficial-1.4.18+Forge+1.20.1.jar
[31May2025 22:24:53.550] [main/DEBUG] [net.minecraftforge.fml.loading.moddiscovery.ModFileInfo/LOADING]: Found valid mod file CGM-Unofficial-1.4.18+Forge+1.20.1.jar with {cgm} mods - versions {1.4.18}
[31May2025 22:24:53.551] [main/DEBUG] [net.minecraftforge.fml.loading.moddiscovery.ModFileParser/LOADING]: Considering mod file candidate /workspaces/sdgfgsfgsf/servidor_minecraft/mods/cloth-config-11.1.136-forge.jar
[31May2025 22:24:53.552] [main/DEBUG] [net.minecraftforge.fml.loading.moddiscovery.ModFileInfo/LOADING]: Found valid mod file cloth-config-11.1.136-forge.jar with {cloth_config} mods - versions {11.1.136}
[31May2025 22:24:53.553] [main/DEBUG] [net.minecraftforge.fml.loading.moddiscovery.ModFileParser/LOADING]: Considering mod file candidate /workspaces/sdgfgsfgsf/servidor_minecraft/mods/CreativeCore_FORGE_v2.12.32_mc1.20.1.jar
[31May2025 22:24:53.554] [main/DEBUG] [net.minecraftforge.fml.loading.moddiscovery.ModFileInfo/LOADING]: Found valid mod file CreativeCore_FORGE_v2.12.32_mc1.20.1.jar with {creativecore} mods - versions {2.12.32}
[31May2025 22:24:53.556] [main/DEBUG] [net.minecraftforge.fml.loading.moddiscovery.ModFileParser/LOADING]: Considering mod file candidate /workspaces/sdgfgsfgsf/servidor_minecraft/mods/DiagonalFences-v8.1.5-1.20.1-Forge.jar
[31May2025 22:24:53.558] [main/DEBUG] [net.minecraftforge.fml.loading.moddiscovery.ModFileInfo/LOADING]: Found valid mod file DiagonalFences-v8.1.5-1.20.1-Forge.jar with {diagonalfences} mods - versions {8.1.5}
[31May2025 22:24:53.558] [main/DEBUG] [net.minecraftforge.fml.loading.moddiscovery.ModFileParser/LOADING]: Considering mod file candidate /workspaces/sdgfgsfgsf/servidor_minecraft/mods/fallingtrees-forge-mc1.20-0.13.2-SNAPSHOT.jar
[31May2025 22:24:53.559] [main/DEBUG] [net.minecraftforge.fml.loading.moddiscovery.ModFileInfo/LOADING]: Found valid mod file fallingtrees-forge-mc1.20-0.13.2-SNAPSHOT.jar with {fallingtrees} mods - versions {0.13.2}
[31May2025 22:24:53.562] [main/DEBUG] [net.minecraftforge.fml.loading.moddiscovery.ModFileParser/LOADING]: Considering mod file candidate /workspaces/sdgfgsfgsf/servidor_minecraft/mods/framework-forge-1.20.1-0.7.15.jar
[31May2025 22:24:53.563] [main/DEBUG] [net.minecraftforge.fml.loading.moddiscovery.ModFileInfo/LOADING]: Found valid mod file framework-forge-1.20.1-0.7.15.jar with {framework} mods - versions {0.7.15}
[31May2025 22:24:53.564] [main/DEBUG] [net.minecraftforge.fml.loading.moddiscovery.ModFileParser/LOADING]: Considering mod file candidate /workspaces/sdgfgsfgsf/servidor_minecraft/mods/geckolib-forge-1.20.1-4.7.1.2.jar
[31May2025 22:24:53.565] [main/DEBUG] [net.minecraftforge.fml.loading.moddiscovery.ModFileInfo/LOADING]: Found valid mod file geckolib-forge-1.20.1-4.7.1.2.jar with {geckolib} mods - versions {4.7.1.2}
[31May2025 22:24:53.566] [main/DEBUG] [net.minecraftforge.fml.loading.moddiscovery.ModFileParser/LOADING]: Considering mod file candidate /workspaces/sdgfgsfgsf/servidor_minecraft/mods/GlitchCore-forge-1.20.1-0.0.1.1.jar
[31May2025 22:24:53.566] [main/DEBUG] [net.minecraftforge.fml.loading.moddiscovery.ModFileInfo/LOADING]: Found valid mod file GlitchCore-forge-1.20.1-0.0.1.1.jar with {glitchcore} mods - versions {0.0.1.1}
[31May2025 22:24:53.568] [main/DEBUG] [net.minecraftforge.fml.loading.moddiscovery.ModFileParser/LOADING]: Considering mod file candidate /workspaces/sdgfgsfgsf/servidor_minecraft/mods/gore_edition-0.5alpha-3-forge-1.20.1.jar
[31May2025 22:24:53.569] [main/DEBUG] [net.minecraftforge.fml.loading.moddiscovery.ModFileInfo/LOADING]: Found valid mod file gore_edition-0.5alpha-3-forge-1.20.1.jar with {gore_edition} mods - versions {0.5..3}
[31May2025 22:24:53.569] [main/DEBUG] [net.minecraftforge.fml.loading.moddiscovery.ModFileParser/LOADING]: Considering mod file candidate /workspaces/sdgfgsfgsf/servidor_minecraft/mods/gravestone-forge-1.20.1-1.0.24.jar
[31May2025 22:24:53.570] [main/DEBUG] [net.minecraftforge.fml.loading.moddiscovery.ModFileInfo/LOADING]: Found valid mod file gravestone-forge-1.20.1-1.0.24.jar with {gravestone} mods - versions {1.20.1-1.0.24}
[31May2025 22:24:53.571] [main/DEBUG] [net.minecraftforge.fml.loading.moddiscovery.ModFileParser/LOADING]: Considering mod file candidate /workspaces/sdgfgsfgsf/servidor_minecraft/mods/jei-1.20.1-forge-15.20.0.106.jar
[31May2025 22:24:53.572] [main/DEBUG] [net.minecraftforge.fml.loading.moddiscovery.ModFileInfo/LOADING]: Found valid mod file jei-1.20.1-forge-15.20.0.106.jar with {jei} mods - versions {15.20.0.106}
[31May2025 22:24:53.572] [main/DEBUG] [net.minecraftforge.fml.loading.moddiscovery.ModFileParser/LOADING]: Considering mod file candidate /workspaces/sdgfgsfgsf/servidor_minecraft/mods/Lexiconfig-forge-1.3.11.jar
[31May2025 22:24:53.573] [main/DEBUG] [net.minecraftforge.fml.loading.moddiscovery.ModFileInfo/LOADING]: Found valid mod file Lexiconfig-forge-1.3.11.jar with {lexiconfig} mods - versions {1.3.11}
[31May2025 22:24:53.573] [main/DEBUG] [net.minecraftforge.fml.loading.moddiscovery.ModFileParser/LOADING]: Considering mod file candidate /workspaces/sdgfgsfgsf/servidor_minecraft/mods/pandalib-forge-mc1.20-0.5.2-SNAPSHOT.jar
[31May2025 22:24:53.574] [main/DEBUG] [net.minecraftforge.fml.loading.moddiscovery.ModFileInfo/LOADING]: Found valid mod file pandalib-forge-mc1.20-0.5.2-SNAPSHOT.jar with {pandalib} mods - versions {0.5.2}
[31May2025 22:24:53.575] [main/DEBUG] [net.minecraftforge.fml.loading.moddiscovery.ModFileParser/LOADING]: Considering mod file candidate /workspaces/sdgfgsfgsf/servidor_minecraft/mods/player-animation-lib-forge-1.0.2-rc1+1.20.jar
[31May2025 22:24:53.575] [main/DEBUG] [net.minecraftforge.fml.loading.moddiscovery.ModFileInfo/LOADING]: Found valid mod file player-animation-lib-forge-1.0.2-rc1+1.20.jar with {playeranimator} mods - versions {1.0.2-rc1+1.20}
[31May2025 22:24:53.576] [main/DEBUG] [net.minecraftforge.fml.loading.moddiscovery.ModFileParser/LOADING]: Considering mod file candidate /workspaces/sdgfgsfgsf/servidor_minecraft/mods/PlayerRevive_FORGE_v2.0.31_mc1.20.1.jar
[31May2025 22:24:53.577] [main/DEBUG] [net.minecraftforge.fml.loading.moddiscovery.ModFileInfo/LOADING]: Found valid mod file PlayerRevive_FORGE_v2.0.31_mc1.20.1.jar with {playerrevive} mods - versions {2.0.31}
[31May2025 22:24:53.587] [main/DEBUG] [net.minecraftforge.fml.loading.moddiscovery.ModFileParser/LOADING]: Considering mod file candidate /workspaces/sdgfgsfgsf/servidor_minecraft/mods/PuzzlesLib-v8.1.32-1.20.1-Forge.jar
[31May2025 22:24:53.588] [main/DEBUG] [net.minecraftforge.fml.loading.moddiscovery.ModFileInfo/LOADING]: Found valid mod file PuzzlesLib-v8.1.32-1.20.1-Forge.jar with {puzzleslib} mods - versions {8.1.32}
[31May2025 22:24:53.588] [main/DEBUG] [net.minecraftforge.fml.loading.moddiscovery.ModFileParser/LOADING]: Considering mod file candidate /workspaces/sdgfgsfgsf/servidor_minecraft/mods/scuba_gear-1.20.1-1.0.6.jar
[31May2025 22:24:53.589] [main/DEBUG] [net.minecraftforge.fml.loading.moddiscovery.ModFileInfo/LOADING]: Found valid mod file scuba_gear-1.20.1-1.0.6.jar with {scuba_gear} mods - versions {1.0.6}
[31May2025 22:24:53.590] [main/DEBUG] [net.minecraftforge.fml.loading.moddiscovery.ModFileParser/LOADING]: Considering mod file candidate /workspaces/sdgfgsfgsf/servidor_minecraft/mods/SimpleRadio-forge-1.20.1-2.4.6.1.jar
[31May2025 22:24:53.591] [main/DEBUG] [net.minecraftforge.fml.loading.moddiscovery.ModFileInfo/LOADING]: Found valid mod file SimpleRadio-forge-1.20.1-2.4.6.1.jar with {simpleradio} mods - versions {2.4.6.1}
[31May2025 22:24:53.592] [main/DEBUG] [net.minecraftforge.fml.loading.moddiscovery.ModFileParser/LOADING]: Considering mod file candidate /workspaces/sdgfgsfgsf/servidor_minecraft/mods/sophisticatedbackpacks-1.20.1-3.23.14.1233.jar
[31May2025 22:24:53.593] [main/DEBUG] [net.minecraftforge.fml.loading.moddiscovery.ModFileInfo/LOADING]: Found valid mod file sophisticatedbackpacks-1.20.1-3.23.14.1233.jar with {sophisticatedbackpacks} mods - versions {3.23.14.1233}
[31May2025 22:24:53.594] [main/DEBUG] [net.minecraftforge.fml.loading.moddiscovery.ModFileParser/LOADING]: Considering mod file candidate /workspaces/sdgfgsfgsf/servidor_minecraft/mods/sophisticatedcore-1.20.1-1.2.51.966.jar
[31May2025 22:24:53.595] [main/DEBUG] [net.minecraftforge.fml.loading.moddiscovery.ModFileInfo/LOADING]: Found valid mod file sophisticatedcore-1.20.1-1.2.51.966.jar with {sophisticatedcore} mods - versions {1.2.51.966}
[31May2025 22:24:53.596] [main/DEBUG] [net.minecraftforge.fml.loading.moddiscovery.ModFileParser/LOADING]: Considering mod file candidate /workspaces/sdgfgsfgsf/servidor_minecraft/mods/sound-physics-remastered-forge-1.20.1-1.4.13.jar
[31May2025 22:24:53.596] [main/DEBUG] [net.minecraftforge.fml.loading.moddiscovery.ModFileInfo/LOADING]: Found valid mod file sound-physics-remastered-forge-1.20.1-1.4.13.jar with {sound_physics_remastered} mods - versions {1.20.1-1.4.13}
[31May2025 22:24:53.598] [main/DEBUG] [net.minecraftforge.fml.loading.moddiscovery.ModFileParser/LOADING]: Considering mod file candidate /workspaces/sdgfgsfgsf/servidor_minecraft/mods/subnautica_flow-1.3.0-forge-1.20.1.jar
[31May2025 22:24:53.599] [main/DEBUG] [net.minecraftforge.fml.loading.moddiscovery.ModFileInfo/LOADING]: Found valid mod file subnautica_flow-1.3.0-forge-1.20.1.jar with {subnautica_flow} mods - versions {1.3.0}
[31May2025 22:24:53.600] [main/DEBUG] [net.minecraftforge.fml.loading.moddiscovery.ModFileParser/LOADING]: Considering mod file candidate /workspaces/sdgfgsfgsf/servidor_minecraft/mods/ToughAsNails-forge-1.20.1-9.2.0.171.jar
[31May2025 22:24:53.600] [main/DEBUG] [net.minecraftforge.fml.loading.moddiscovery.ModFileInfo/LOADING]: Found valid mod file ToughAsNails-forge-1.20.1-9.2.0.171.jar with {toughasnails} mods - versions {9.2.0.171}
[31May2025 22:24:53.602] [main/DEBUG] [net.minecraftforge.fml.loading.moddiscovery.ModFileParser/LOADING]: Considering mod file candidate /workspaces/sdgfgsfgsf/servidor_minecraft/mods/VisualWorkbench-v8.0.0-1.20.1-Forge.jar
[31May2025 22:24:53.603] [main/DEBUG] [net.minecraftforge.fml.loading.moddiscovery.ModFileInfo/LOADING]: Found valid mod file VisualWorkbench-v8.0.0-1.20.1-Forge.jar with {visualworkbench} mods - versions {8.0.0}
[31May2025 22:24:53.604] [main/DEBUG] [net.minecraftforge.fml.loading.moddiscovery.ModFileParser/LOADING]: Considering mod file candidate /workspaces/sdgfgsfgsf/servidor_minecraft/mods/voicechat-forge-1.20.1-2.5.30.jar
[31May2025 22:24:53.604] [main/DEBUG] [net.minecraftforge.fml.loading.moddiscovery.ModFileInfo/LOADING]: Found valid mod file voicechat-forge-1.20.1-2.5.30.jar with {voicechat} mods - versions {1.20.1-2.5.30}
[31May2025 22:24:53.605] [main/DEBUG] [net.minecraftforge.fml.loading.moddiscovery.ModFileParser/LOADING]: Considering mod file candidate /workspaces/sdgfgsfgsf/servidor_minecraft/mods/waystones-forge-1.20.1-14.1.11.jar
[31May2025 22:24:53.606] [main/DEBUG] [net.minecraftforge.fml.loading.moddiscovery.ModFileInfo/LOADING]: Found valid mod file waystones-forge-1.20.1-14.1.11.jar with {waystones} mods - versions {14.1.11}
[31May2025 22:24:53.704] [main/DEBUG] [net.minecraftforge.fml.loading.moddiscovery.ModFileInfo/LOADING]: Found valid mod file server-1.20.1-20230612.114412-srg.jar with {minecraft} mods - versions {1.20.1}
[31May2025 22:24:53.706] [main/DEBUG] [net.minecraftforge.fml.loading.moddiscovery.ModFileParser/LOADING]: Considering mod file candidate /workspaces/sdgfgsfgsf/servidor_minecraft/libraries/net/minecraftforge/fmlcore/1.20.1-47.3.7/fmlcore-1.20.1-47.3.7.jar
[31May2025 22:24:53.706] [main/WARN] [net.minecraftforge.fml.loading.moddiscovery.ModFileParser/LOADING]: Mod file /workspaces/sdgfgsfgsf/servidor_minecraft/libraries/net/minecraftforge/fmlcore/1.20.1-47.3.7/fmlcore-1.20.1-47.3.7.jar is missing mods.toml file
[31May2025 22:24:53.707] [main/DEBUG] [net.minecraftforge.fml.loading.moddiscovery.ModFileParser/LOADING]: Considering mod file candidate /workspaces/sdgfgsfgsf/servidor_minecraft/libraries/net/minecraftforge/javafmllanguage/1.20.1-47.3.7/javafmllanguage-1.20.1-47.3.7.jar
[31May2025 22:24:53.707] [main/WARN] [net.minecraftforge.fml.loading.moddiscovery.ModFileParser/LOADING]: Mod file /workspaces/sdgfgsfgsf/servidor_minecraft/libraries/net/minecraftforge/javafmllanguage/1.20.1-47.3.7/javafmllanguage-1.20.1-47.3.7.jar is missing mods.toml file
[31May2025 22:24:53.709] [main/DEBUG] [net.minecraftforge.fml.loading.moddiscovery.ModFileParser/LOADING]: Considering mod file candidate /workspaces/sdgfgsfgsf/servidor_minecraft/libraries/net/minecraftforge/lowcodelanguage/1.20.1-47.3.7/lowcodelanguage-1.20.1-47.3.7.jar
[31May2025 22:24:53.709] [main/WARN] [net.minecraftforge.fml.loading.moddiscovery.ModFileParser/LOADING]: Mod file /workspaces/sdgfgsfgsf/servidor_minecraft/libraries/net/minecraftforge/lowcodelanguage/1.20.1-47.3.7/lowcodelanguage-1.20.1-47.3.7.jar is missing mods.toml file
[31May2025 22:24:53.710] [main/DEBUG] [net.minecraftforge.fml.loading.moddiscovery.ModFileParser/LOADING]: Considering mod file candidate /workspaces/sdgfgsfgsf/servidor_minecraft/libraries/net/minecraftforge/mclanguage/1.20.1-47.3.7/mclanguage-1.20.1-47.3.7.jar
[31May2025 22:24:53.710] [main/WARN] [net.minecraftforge.fml.loading.moddiscovery.ModFileParser/LOADING]: Mod file /workspaces/sdgfgsfgsf/servidor_minecraft/libraries/net/minecraftforge/mclanguage/1.20.1-47.3.7/mclanguage-1.20.1-47.3.7.jar is missing mods.toml file
[31May2025 22:24:53.738] [main/DEBUG] [net.minecraftforge.fml.loading.moddiscovery.ModFileParser/LOADING]: Considering mod file candidate /workspaces/sdgfgsfgsf/servidor_minecraft/libraries/net/minecraftforge/forge/1.20.1-47.3.7/forge-1.20.1-47.3.7-universal.jar
[31May2025 22:24:53.739] [main/DEBUG] [net.minecraftforge.fml.loading.moddiscovery.ModFileInfo/LOADING]: Found valid mod file forge-1.20.1-47.3.7-universal.jar with {forge} mods - versions {47.3.7}
[31May2025 22:24:53.749] [main/DEBUG] [net.minecraftforge.fml.loading.moddiscovery.AbstractJarFileDependencyLocator/]: Failed to load resource META-INF/jarjar/metadata.json from server-1.20.1-20230612.114412-srg.jar, it does not contain dependency information.
[31May2025 22:24:53.749] [main/DEBUG] [net.minecraftforge.fml.loading.moddiscovery.AbstractJarFileDependencyLocator/]: Failed to load resource META-INF/jarjar/metadata.json from fallingtrees-forge-mc1.20-0.13.2-SNAPSHOT.jar, it does not contain dependency information.
[31May2025 22:24:53.749] [main/DEBUG] [net.minecraftforge.fml.loading.moddiscovery.AbstractJarFileDependencyLocator/]: Failed to load resource META-INF/jarjar/metadata.json from voicechat-forge-1.20.1-2.5.30.jar, it does not contain dependency information.
[31May2025 22:24:53.749] [main/DEBUG] [net.minecraftforge.fml.loading.moddiscovery.AbstractJarFileDependencyLocator/]: Failed to load resource META-INF/jarjar/metadata.json from subnautica_flow-1.3.0-forge-1.20.1.jar, it does not contain dependency information.
[31May2025 22:24:53.750] [main/DEBUG] [net.minecraftforge.fml.loading.moddiscovery.AbstractJarFileDependencyLocator/]: Failed to load resource META-INF/jarjar/metadata.json from gore_edition-0.5alpha-3-forge-1.20.1.jar, it does not contain dependency information.
[31May2025 22:24:53.750] [main/DEBUG] [net.minecraftforge.fml.loading.moddiscovery.AbstractJarFileDependencyLocator/]: Failed to load resource META-INF/jarjar/metadata.json from CGM-Unofficial-1.4.18+Forge+1.20.1.jar, it does not contain dependency information.
[31May2025 22:24:53.750] [main/DEBUG] [net.minecraftforge.fml.loading.moddiscovery.AbstractJarFileDependencyLocator/]: Failed to load resource META-INF/jarjar/metadata.json from player-animation-lib-forge-1.0.2-rc1+1.20.jar, it does not contain dependency information.
[31May2025 22:24:53.750] [main/DEBUG] [net.minecraftforge.fml.loading.moddiscovery.AbstractJarFileDependencyLocator/]: Failed to load resource META-INF/jarjar/metadata.json from CreativeCore_FORGE_v2.12.32_mc1.20.1.jar, it does not contain dependency information.
[31May2025 22:24:53.750] [main/DEBUG] [net.minecraftforge.fml.loading.moddiscovery.AbstractJarFileDependencyLocator/]: Failed to load resource META-INF/jarjar/metadata.json from pandalib-forge-mc1.20-0.5.2-SNAPSHOT.jar, it does not contain dependency information.
[31May2025 22:24:53.750] [main/DEBUG] [net.minecraftforge.fml.loading.moddiscovery.AbstractJarFileDependencyLocator/]: Failed to load resource META-INF/jarjar/metadata.json from jei-1.20.1-forge-15.20.0.106.jar, it does not contain dependency information.
[31May2025 22:24:53.751] [main/DEBUG] [net.minecraftforge.fml.loading.moddiscovery.AbstractJarFileDependencyLocator/]: Failed to load resource META-INF/jarjar/metadata.json from sophisticatedcore-1.20.1-1.2.51.966.jar, it does not contain dependency information.
[31May2025 22:24:53.751] [main/DEBUG] [net.minecraftforge.fml.loading.moddiscovery.AbstractJarFileDependencyLocator/]: Failed to load resource META-INF/jarjar/metadata.json from sound-physics-remastered-forge-1.20.1-1.4.13.jar, it does not contain dependency information.
[31May2025 22:24:53.751] [main/DEBUG] [net.minecraftforge.fml.loading.moddiscovery.AbstractJarFileDependencyLocator/]: Failed to load resource META-INF/jarjar/metadata.json from waystones-forge-1.20.1-14.1.11.jar, it does not contain dependency information.
[31May2025 22:24:53.751] [main/DEBUG] [net.minecraftforge.fml.loading.moddiscovery.AbstractJarFileDependencyLocator/]: Failed to load resource META-INF/jarjar/metadata.json from Lexiconfig-forge-1.3.11.jar, it does not contain dependency information.
[31May2025 22:24:53.751] [main/DEBUG] [net.minecraftforge.fml.loading.moddiscovery.AbstractJarFileDependencyLocator/]: Failed to load resource META-INF/jarjar/metadata.json from gravestone-forge-1.20.1-1.0.24.jar, it does not contain dependency information.
[31May2025 22:24:53.751] [main/DEBUG] [net.minecraftforge.fml.loading.moddiscovery.AbstractJarFileDependencyLocator/]: Failed to load resource META-INF/jarjar/metadata.json from ArPhEx-4.4.9-forge-1.20.1.jar, it does not contain dependency information.
[31May2025 22:24:53.752] [main/DEBUG] [net.minecraftforge.fml.loading.moddiscovery.AbstractJarFileDependencyLocator/]: Failed to load resource META-INF/jarjar/metadata.json from ToughAsNails-forge-1.20.1-9.2.0.171.jar, it does not contain dependency information.
[31May2025 22:24:53.752] [main/DEBUG] [net.minecraftforge.fml.loading.moddiscovery.AbstractJarFileDependencyLocator/]: Failed to load resource META-INF/jarjar/metadata.json from GlitchCore-forge-1.20.1-0.0.1.1.jar, it does not contain dependency information.
[31May2025 22:24:53.752] [main/DEBUG] [net.minecraftforge.fml.loading.moddiscovery.AbstractJarFileDependencyLocator/]: Failed to load resource META-INF/jarjar/metadata.json from sophisticatedbackpacks-1.20.1-3.23.14.1233.jar, it does not contain dependency information.
[31May2025 22:24:53.752] [main/DEBUG] [net.minecraftforge.fml.loading.moddiscovery.AbstractJarFileDependencyLocator/]: Failed to load resource META-INF/jarjar/metadata.json from cannibal-1.0.5-1.20.1.jar, it does not contain dependency information.
[31May2025 22:24:53.752] [main/DEBUG] [net.minecraftforge.fml.loading.moddiscovery.AbstractJarFileDependencyLocator/]: Failed to load resource META-INF/jarjar/metadata.json from architectury-9.2.14-forge.jar, it does not contain dependency information.
[31May2025 22:24:53.752] [main/DEBUG] [net.minecraftforge.fml.loading.moddiscovery.AbstractJarFileDependencyLocator/]: Failed to load resource META-INF/jarjar/metadata.json from Aquaculture-1.20.1-2.5.5.jar, it does not contain dependency information.
[31May2025 22:24:53.753] [main/DEBUG] [net.minecraftforge.fml.loading.moddiscovery.AbstractJarFileDependencyLocator/]: Failed to load resource META-INF/jarjar/metadata.json from framework-forge-1.20.1-0.7.15.jar, it does not contain dependency information.
[31May2025 22:24:53.753] [main/DEBUG] [net.minecraftforge.fml.loading.moddiscovery.AbstractJarFileDependencyLocator/]: Failed to load resource META-INF/jarjar/metadata.json from cloth-config-11.1.136-forge.jar, it does not contain dependency information.
[31May2025 22:24:53.753] [main/DEBUG] [net.minecraftforge.fml.loading.moddiscovery.AbstractJarFileDependencyLocator/]: Failed to load resource META-INF/jarjar/metadata.json from forge-1.20.1-47.3.7-universal.jar, it does not contain dependency information.
[31May2025 22:24:53.753] [main/DEBUG] [net.minecraftforge.fml.loading.moddiscovery.AbstractJarFileDependencyLocator/]: Failed to load resource META-INF/jarjar/metadata.json from SimpleRadio-forge-1.20.1-2.4.6.1.jar, it does not contain dependency information.
[31May2025 22:24:53.753] [main/DEBUG] [net.minecraftforge.fml.loading.moddiscovery.AbstractJarFileDependencyLocator/]: Failed to load resource META-INF/jarjar/metadata.json from scuba_gear-1.20.1-1.0.6.jar, it does not contain dependency information.
[31May2025 22:24:53.753] [main/DEBUG] [net.minecraftforge.fml.loading.moddiscovery.AbstractJarFileDependencyLocator/]: Failed to load resource META-INF/jarjar/metadata.json from PlayerRevive_FORGE_v2.0.31_mc1.20.1.jar, it does not contain dependency information.
[31May2025 22:24:53.754] [main/DEBUG] [net.minecraftforge.fml.loading.moddiscovery.AbstractJarFileDependencyLocator/]: Failed to load resource META-INF/jarjar/metadata.json from mclanguage-1.20.1-47.3.7.jar, it does not contain dependency information.
[31May2025 22:24:53.754] [main/DEBUG] [net.minecraftforge.fml.loading.moddiscovery.AbstractJarFileDependencyLocator/]: Failed to load resource META-INF/jarjar/metadata.json from javafmllanguage-1.20.1-47.3.7.jar, it does not contain dependency information.
[31May2025 22:24:53.754] [main/DEBUG] [net.minecraftforge.fml.loading.moddiscovery.AbstractJarFileDependencyLocator/]: Failed to load resource META-INF/jarjar/metadata.json from fmlcore-1.20.1-47.3.7.jar, it does not contain dependency information.
[31May2025 22:24:53.754] [main/DEBUG] [net.minecraftforge.fml.loading.moddiscovery.AbstractJarFileDependencyLocator/]: Failed to load resource META-INF/jarjar/metadata.json from lowcodelanguage-1.20.1-47.3.7.jar, it does not contain dependency information.
[31May2025 22:24:53.797] [main/DEBUG] [net.minecraftforge.fml.loading.moddiscovery.ModFileParser/LOADING]: Considering mod file candidate 
[31May2025 22:24:53.798] [main/DEBUG] [net.minecraftforge.fml.loading.moddiscovery.ModFileInfo/LOADING]: Found valid mod file diagonalblocks-forge-8.0.6.jar with {diagonalblocks} mods - versions {8.0.6}
[31May2025 22:24:53.800] [main/DEBUG] [net.minecraftforge.fml.loading.moddiscovery.ModFileParser/LOADING]: Considering mod file candidate 
[31May2025 22:24:53.800] [main/DEBUG] [net.minecraftforge.fml.loading.moddiscovery.ModFileInfo/LOADING]: Found valid mod file kuma-api-forge-20.1.10+1.20.1.jar with {kuma_api} mods - versions {20.1.10}
[31May2025 22:24:53.808] [main/DEBUG] [net.minecraftforge.fml.loading.moddiscovery.ModFileParser/LOADING]: Considering mod file candidate 
[31May2025 22:24:53.808] [main/DEBUG] [net.minecraftforge.fml.loading.moddiscovery.ModFileInfo/LOADING]: Found valid mod file mixinextras-forge-0.2.0-beta.6.jar with {mixinextras} mods - versions {0.2.0-beta.6}
[31May2025 22:24:53.811] [main/DEBUG] [net.minecraftforge.fml.loading.moddiscovery.ModFileParser/LOADING]: Considering mod file candidate 
[31May2025 22:24:53.811] [main/DEBUG] [net.minecraftforge.fml.loading.moddiscovery.ModFileInfo/LOADING]: Found valid mod file puzzlesaccessapi-forge-20.1.1.jar with {puzzlesaccessapi} mods - versions {20.1.1}
[31May2025 22:24:53.813] [main/DEBUG] [net.minecraftforge.fml.loading.moddiscovery.ModFileParser/LOADING]: Considering mod file candidate 
[31May2025 22:24:53.813] [main/DEBUG] [net.minecraftforge.fml.loading.moddiscovery.ModFileInfo/LOADING]: Found valid mod file mixinextras-forge-0.4.1.jar with {mixinextras} mods - versions {0.4.1}
[31May2025 22:24:53.814] [main/DEBUG] [net.minecraftforge.fml.loading.moddiscovery.AbstractJarFileDependencyLocator/]: Failed to load resource META-INF/jarjar/metadata.json from kuma-api-forge-20.1.10+1.20.1.jar, it does not contain dependency information.
[31May2025 22:24:53.814] [main/DEBUG] [net.minecraftforge.fml.loading.moddiscovery.AbstractJarFileDependencyLocator/]: Failed to load resource META-INF/jarjar/metadata.json from mclib-20.jar, it does not contain dependency information.
[31May2025 22:24:53.819] [main/DEBUG] [net.minecraftforge.fml.loading.moddiscovery.AbstractJarFileDependencyLocator/]: Failed to load resource META-INF/jarjar/metadata.json from puzzlesaccessapi-forge-20.1.1.jar, it does not contain dependency information.
[31May2025 22:24:53.826] [main/DEBUG] [net.minecraftforge.fml.loading.moddiscovery.AbstractJarFileDependencyLocator/]: Failed to load resource META-INF/jarjar/metadata.json from MixinExtras-0.2.0-beta.6.jar, it does not contain dependency information.
[31May2025 22:24:53.827] [main/DEBUG] [net.minecraftforge.fml.loading.moddiscovery.AbstractJarFileDependencyLocator/]: Failed to load resource META-INF/jarjar/metadata.json from MixinExtras-0.4.1.jar, it does not contain dependency information.
[31May2025 22:24:53.847] [main/DEBUG] [net.minecraftforge.fml.loading.moddiscovery.ModFileParser/LOADING]: Considering mod file candidate 
[31May2025 22:24:53.848] [main/DEBUG] [net.minecraftforge.fml.loading.moddiscovery.ModFileInfo/LOADING]: Found valid mod file puzzlesaccessapi-forge-20.1.1.jar with {puzzlesaccessapi} mods - versions {20.1.1}
[31May2025 22:24:53.854] [main/DEBUG] [net.minecraftforge.fml.loading.moddiscovery.ModFileParser/LOADING]: Considering mod file candidate 
[31May2025 22:24:53.854] [main/DEBUG] [net.minecraftforge.fml.loading.moddiscovery.ModFileInfo/LOADING]: Found valid mod file mixinextras-forge-0.4.1.jar with {mixinextras} mods - versions {0.4.1}
[31May2025 22:24:53.855] [main/DEBUG] [net.minecraftforge.fml.loading.moddiscovery.ModFileParser/LOADING]: Considering mod file candidate 
[31May2025 22:24:53.855] [main/DEBUG] [net.minecraftforge.fml.loading.moddiscovery.ModFileInfo/LOADING]: Found valid mod file kuma-api-forge-20.1.10+1.20.1.jar with {kuma_api} mods - versions {20.1.10}
[31May2025 22:24:53.856] [main/DEBUG] [net.minecraftforge.fml.loading.moddiscovery.ModFileParser/LOADING]: Considering mod file candidate 
[31May2025 22:24:53.857] [main/DEBUG] [net.minecraftforge.fml.loading.moddiscovery.ModFileInfo/LOADING]: Found valid mod file mixinextras-forge-0.2.0-beta.6.jar with {mixinextras} mods - versions {0.2.0-beta.6}
[31May2025 22:24:53.860] [main/DEBUG] [net.minecraftforge.fml.loading.moddiscovery.ModFileParser/LOADING]: Considering mod file candidate 
[31May2025 22:24:53.860] [main/DEBUG] [net.minecraftforge.fml.loading.moddiscovery.ModFileInfo/LOADING]: Found valid mod file diagonalblocks-forge-8.0.6.jar with {diagonalblocks} mods - versions {8.0.6}
[31May2025 22:24:53.861] [main/WARN] [net.minecraftforge.jarjar.selection.JarSelector/]: Attempted to select two dependency jars from JarJar which have the same identification: Mod File:  and Mod File: . Using Mod File: 
[31May2025 22:24:53.862] [main/INFO] [net.minecraftforge.fml.loading.moddiscovery.JarInJarDependencyLocator/]: Found 6 dependencies adding them to mods collection
[31May2025 22:24:53.864] [main/DEBUG] [net.minecraftforge.fml.loading.moddiscovery.ModFileParser/LOADING]: Considering mod file candidate /workspaces/sdgfgsfgsf/servidor_minecraft/mods/fallingtrees-forge-mc1.20-0.13.2-SNAPSHOT.jar
[31May2025 22:24:53.864] [main/DEBUG] [net.minecraftforge.fml.loading.moddiscovery.ModFileInfo/LOADING]: Found valid mod file fallingtrees-forge-mc1.20-0.13.2-SNAPSHOT.jar with {fallingtrees} mods - versions {0.13.2}
[31May2025 22:24:53.866] [main/DEBUG] [net.minecraftforge.fml.loading.moddiscovery.ModFile/LOADING]: Loading mod file /workspaces/sdgfgsfgsf/servidor_minecraft/mods/fallingtrees-forge-mc1.20-0.13.2-SNAPSHOT.jar with languages [LanguageSpec[languageName=javafml, acceptedVersions=*]]
[31May2025 22:24:53.867] [main/DEBUG] [net.minecraftforge.fml.loading.moddiscovery.ModFileInfo/LOADING]: Found valid mod file server-1.20.1-20230612.114412-srg.jar with {minecraft} mods - versions {1.20.1}
[31May2025 22:24:53.867] [main/DEBUG] [net.minecraftforge.fml.loading.moddiscovery.ModFile/LOADING]: Loading mod file /workspaces/sdgfgsfgsf/servidor_minecraft/libraries/net/minecraft/server/1.20.1-20230612.114412/server-1.20.1-20230612.114412-srg.jar with languages [LanguageSpec[languageName=minecraft, acceptedVersions=1]]
[31May2025 22:24:53.867] [main/DEBUG] [net.minecraftforge.fml.loading.moddiscovery.ModFileParser/LOADING]: Considering mod file candidate /workspaces/sdgfgsfgsf/servidor_minecraft/mods/BetterAnimationsCollection-v8.0.0-1.20.1-Forge.jar
[31May2025 22:24:53.868] [main/DEBUG] [net.minecraftforge.fml.loading.moddiscovery.ModFileInfo/LOADING]: Found valid mod file BetterAnimationsCollection-v8.0.0-1.20.1-Forge.jar with {betteranimationscollection} mods - versions {8.0.0}
[31May2025 22:24:53.868] [main/DEBUG] [net.minecraftforge.fml.loading.moddiscovery.ModFile/LOADING]: Loading mod file /workspaces/sdgfgsfgsf/servidor_minecraft/mods/BetterAnimationsCollection-v8.0.0-1.20.1-Forge.jar with languages [LanguageSpec[languageName=javafml, acceptedVersions=[47,)]]
[31May2025 22:24:53.868] [main/DEBUG] [net.minecraftforge.fml.loading.moddiscovery.ModFileParser/LOADING]: Considering mod file candidate 
[31May2025 22:24:53.869] [main/DEBUG] [net.minecraftforge.fml.loading.moddiscovery.ModFileInfo/LOADING]: Found valid mod file kuma-api-forge-20.1.10+1.20.1.jar with {kuma_api} mods - versions {20.1.10}
[31May2025 22:24:53.869] [main/DEBUG] [net.minecraftforge.fml.loading.moddiscovery.ModFile/LOADING]: Loading mod file  with languages [LanguageSpec[languageName=javafml, acceptedVersions=[47,)]]
[31May2025 22:24:53.869] [main/DEBUG] [net.minecraftforge.fml.loading.moddiscovery.ModFileParser/LOADING]: Considering mod file candidate /workspaces/sdgfgsfgsf/servidor_minecraft/mods/subnautica_flow-1.3.0-forge-1.20.1.jar
[31May2025 22:24:53.870] [main/DEBUG] [net.minecraftforge.fml.loading.moddiscovery.ModFileInfo/LOADING]: Found valid mod file subnautica_flow-1.3.0-forge-1.20.1.jar with {subnautica_flow} mods - versions {1.3.0}
[31May2025 22:24:53.870] [main/DEBUG] [net.minecraftforge.fml.loading.moddiscovery.ModFile/LOADING]: Loading mod file /workspaces/sdgfgsfgsf/servidor_minecraft/mods/subnautica_flow-1.3.0-forge-1.20.1.jar with languages [LanguageSpec[languageName=javafml, acceptedVersions=[47,)]]
[31May2025 22:24:53.870] [main/DEBUG] [net.minecraftforge.fml.loading.moddiscovery.ModFileParser/LOADING]: Considering mod file candidate /workspaces/sdgfgsfgsf/servidor_minecraft/mods/voicechat-forge-1.20.1-2.5.30.jar
[31May2025 22:24:53.871] [main/DEBUG] [net.minecraftforge.fml.loading.moddiscovery.ModFileInfo/LOADING]: Found valid mod file voicechat-forge-1.20.1-2.5.30.jar with {voicechat} mods - versions {1.20.1-2.5.30}
[31May2025 22:24:53.871] [main/DEBUG] [net.minecraftforge.fml.loading.moddiscovery.ModFile/LOADING]: Loading mod file /workspaces/sdgfgsfgsf/servidor_minecraft/mods/voicechat-forge-1.20.1-2.5.30.jar with languages [LanguageSpec[languageName=javafml, acceptedVersions=*]]
[31May2025 22:24:53.871] [main/DEBUG] [net.minecraftforge.fml.loading.moddiscovery.ModFileParser/LOADING]: Considering mod file candidate /workspaces/sdgfgsfgsf/servidor_minecraft/mods/gore_edition-0.5alpha-3-forge-1.20.1.jar
[31May2025 22:24:53.871] [main/DEBUG] [net.minecraftforge.fml.loading.moddiscovery.ModFileInfo/LOADING]: Found valid mod file gore_edition-0.5alpha-3-forge-1.20.1.jar with {gore_edition} mods - versions {0.5..3}
[31May2025 22:24:53.871] [main/DEBUG] [net.minecraftforge.fml.loading.moddiscovery.ModFile/LOADING]: Loading mod file /workspaces/sdgfgsfgsf/servidor_minecraft/mods/gore_edition-0.5alpha-3-forge-1.20.1.jar with languages [LanguageSpec[languageName=javafml, acceptedVersions=[47,)]]
[31May2025 22:24:53.872] [main/DEBUG] [net.minecraftforge.fml.loading.moddiscovery.ModFileParser/LOADING]: Considering mod file candidate /workspaces/sdgfgsfgsf/servidor_minecraft/mods/CGM-Unofficial-1.4.18+Forge+1.20.1.jar
[31May2025 22:24:53.872] [main/DEBUG] [net.minecraftforge.fml.loading.moddiscovery.ModFileInfo/LOADING]: Found valid mod file CGM-Unofficial-1.4.18+Forge+1.20.1.jar with {cgm} mods - versions {1.4.18}
[31May2025 22:24:53.872] [main/DEBUG] [net.minecraftforge.fml.loading.moddiscovery.ModFile/LOADING]: Loading mod file /workspaces/sdgfgsfgsf/servidor_minecraft/mods/CGM-Unofficial-1.4.18+Forge+1.20.1.jar with languages [LanguageSpec[languageName=javafml, acceptedVersions=[46,)]]
[31May2025 22:24:53.872] [main/DEBUG] [net.minecraftforge.fml.loading.moddiscovery.ModFileParser/LOADING]: Considering mod file candidate /workspaces/sdgfgsfgsf/servidor_minecraft/mods/geckolib-forge-1.20.1-4.7.1.2.jar
[31May2025 22:24:53.873] [main/DEBUG] [net.minecraftforge.fml.loading.moddiscovery.ModFileInfo/LOADING]: Found valid mod file geckolib-forge-1.20.1-4.7.1.2.jar with {geckolib} mods - versions {4.7.1.2}
[31May2025 22:24:53.873] [main/DEBUG] [net.minecraftforge.fml.loading.moddiscovery.ModFile/LOADING]: Loading mod file /workspaces/sdgfgsfgsf/servidor_minecraft/mods/geckolib-forge-1.20.1-4.7.1.2.jar with languages [LanguageSpec[languageName=javafml, acceptedVersions=[47,)]]
[31May2025 22:24:53.873] [main/DEBUG] [net.minecraftforge.fml.loading.moddiscovery.ModFileParser/LOADING]: Considering mod file candidate /workspaces/sdgfgsfgsf/servidor_minecraft/mods/CreativeCore_FORGE_v2.12.32_mc1.20.1.jar
[31May2025 22:24:53.874] [main/DEBUG] [net.minecraftforge.fml.loading.moddiscovery.ModFileInfo/LOADING]: Found valid mod file CreativeCore_FORGE_v2.12.32_mc1.20.1.jar with {creativecore} mods - versions {2.12.32}
[31May2025 22:24:53.874] [main/DEBUG] [net.minecraftforge.fml.loading.moddiscovery.ModFile/LOADING]: Loading mod file /workspaces/sdgfgsfgsf/servidor_minecraft/mods/CreativeCore_FORGE_v2.12.32_mc1.20.1.jar with languages [LanguageSpec[languageName=javafml, acceptedVersions=[46,)]]
[31May2025 22:24:53.874] [main/DEBUG] [net.minecraftforge.fml.loading.moddiscovery.ModFileParser/LOADING]: Considering mod file candidate /workspaces/sdgfgsfgsf/servidor_minecraft/mods/player-animation-lib-forge-1.0.2-rc1+1.20.jar
[31May2025 22:24:53.874] [main/DEBUG] [net.minecraftforge.fml.loading.moddiscovery.ModFileInfo/LOADING]: Found valid mod file player-animation-lib-forge-1.0.2-rc1+1.20.jar with {playeranimator} mods - versions {1.0.2-rc1+1.20}
[31May2025 22:24:53.874] [main/DEBUG] [net.minecraftforge.fml.loading.moddiscovery.ModFile/LOADING]: Loading mod file /workspaces/sdgfgsfgsf/servidor_minecraft/mods/player-animation-lib-forge-1.0.2-rc1+1.20.jar with languages [LanguageSpec[languageName=javafml, acceptedVersions=[46.0.0,)]]
[31May2025 22:24:53.875] [main/DEBUG] [net.minecraftforge.fml.loading.moddiscovery.ModFileParser/LOADING]: Considering mod file candidate /workspaces/sdgfgsfgsf/servidor_minecraft/mods/jei-1.20.1-forge-15.20.0.106.jar
[31May2025 22:24:53.875] [main/DEBUG] [net.minecraftforge.fml.loading.moddiscovery.ModFileInfo/LOADING]: Found valid mod file jei-1.20.1-forge-15.20.0.106.jar with {jei} mods - versions {15.20.0.106}
[31May2025 22:24:53.875] [main/DEBUG] [net.minecraftforge.fml.loading.moddiscovery.ModFile/LOADING]: Loading mod file /workspaces/sdgfgsfgsf/servidor_minecraft/mods/jei-1.20.1-forge-15.20.0.106.jar with languages [LanguageSpec[languageName=javafml, acceptedVersions=[47,)]]
[31May2025 22:24:53.875] [main/DEBUG] [net.minecraftforge.fml.loading.moddiscovery.ModFileParser/LOADING]: Considering mod file candidate /workspaces/sdgfgsfgsf/servidor_minecraft/mods/pandalib-forge-mc1.20-0.5.2-SNAPSHOT.jar
[31May2025 22:24:53.876] [main/DEBUG] [net.minecraftforge.fml.loading.moddiscovery.ModFileInfo/LOADING]: Found valid mod file pandalib-forge-mc1.20-0.5.2-SNAPSHOT.jar with {pandalib} mods - versions {0.5.2}
[31May2025 22:24:53.876] [main/DEBUG] [net.minecraftforge.fml.loading.moddiscovery.ModFile/LOADING]: Loading mod file /workspaces/sdgfgsfgsf/servidor_minecraft/mods/pandalib-forge-mc1.20-0.5.2-SNAPSHOT.jar with languages [LanguageSpec[languageName=javafml, acceptedVersions=*]]
[31May2025 22:24:53.876] [main/DEBUG] [net.minecraftforge.fml.loading.moddiscovery.ModFileParser/LOADING]: Considering mod file candidate /workspaces/sdgfgsfgsf/servidor_minecraft/mods/VisualWorkbench-v8.0.0-1.20.1-Forge.jar
[31May2025 22:24:53.877] [main/DEBUG] [net.minecraftforge.fml.loading.moddiscovery.ModFileInfo/LOADING]: Found valid mod file VisualWorkbench-v8.0.0-1.20.1-Forge.jar with {visualworkbench} mods - versions {8.0.0}
[31May2025 22:24:53.877] [main/DEBUG] [net.minecraftforge.fml.loading.moddiscovery.ModFile/LOADING]: Loading mod file /workspaces/sdgfgsfgsf/servidor_minecraft/mods/VisualWorkbench-v8.0.0-1.20.1-Forge.jar with languages [LanguageSpec[languageName=javafml, acceptedVersions=[47,)]]
[31May2025 22:24:53.877] [main/DEBUG] [net.minecraftforge.fml.loading.moddiscovery.ModFileParser/LOADING]: Considering mod file candidate /workspaces/sdgfgsfgsf/servidor_minecraft/mods/sophisticatedcore-1.20.1-1.2.51.966.jar
[31May2025 22:24:53.878] [main/DEBUG] [net.minecraftforge.fml.loading.moddiscovery.ModFileInfo/LOADING]: Found valid mod file sophisticatedcore-1.20.1-1.2.51.966.jar with {sophisticatedcore} mods - versions {1.2.51.966}
[31May2025 22:24:53.878] [main/DEBUG] [net.minecraftforge.fml.loading.moddiscovery.ModFile/LOADING]: Loading mod file /workspaces/sdgfgsfgsf/servidor_minecraft/mods/sophisticatedcore-1.20.1-1.2.51.966.jar with languages [LanguageSpec[languageName=javafml, acceptedVersions=[47,)]]
[31May2025 22:24:53.878] [main/DEBUG] [net.minecraftforge.fml.loading.moddiscovery.ModFileParser/LOADING]: Considering mod file candidate /workspaces/sdgfgsfgsf/servidor_minecraft/mods/sound-physics-remastered-forge-1.20.1-1.4.13.jar
[31May2025 22:24:53.878] [main/DEBUG] [net.minecraftforge.fml.loading.moddiscovery.ModFileInfo/LOADING]: Found valid mod file sound-physics-remastered-forge-1.20.1-1.4.13.jar with {sound_physics_remastered} mods - versions {1.20.1-1.4.13}
[31May2025 22:24:53.879] [main/DEBUG] [net.minecraftforge.fml.loading.moddiscovery.ModFile/LOADING]: Loading mod file /workspaces/sdgfgsfgsf/servidor_minecraft/mods/sound-physics-remastered-forge-1.20.1-1.4.13.jar with languages [LanguageSpec[languageName=javafml, acceptedVersions=*]]
[31May2025 22:24:53.879] [main/DEBUG] [net.minecraftforge.fml.loading.moddiscovery.ModFileParser/LOADING]: Considering mod file candidate /workspaces/sdgfgsfgsf/servidor_minecraft/mods/Lexiconfig-forge-1.3.11.jar
[31May2025 22:24:53.879] [main/DEBUG] [net.minecraftforge.fml.loading.moddiscovery.ModFileInfo/LOADING]: Found valid mod file Lexiconfig-forge-1.3.11.jar with {lexiconfig} mods - versions {1.3.11}
[31May2025 22:24:53.879] [main/DEBUG] [net.minecraftforge.fml.loading.moddiscovery.ModFile/LOADING]: Loading mod file /workspaces/sdgfgsfgsf/servidor_minecraft/mods/Lexiconfig-forge-1.3.11.jar with languages [LanguageSpec[languageName=javafml, acceptedVersions=[1,)]]
[31May2025 22:24:53.879] [main/DEBUG] [net.minecraftforge.fml.loading.moddiscovery.ModFileParser/LOADING]: Considering mod file candidate /workspaces/sdgfgsfgsf/servidor_minecraft/mods/waystones-forge-1.20.1-14.1.11.jar
[31May2025 22:24:53.880] [main/DEBUG] [net.minecraftforge.fml.loading.moddiscovery.ModFileInfo/LOADING]: Found valid mod file waystones-forge-1.20.1-14.1.11.jar with {waystones} mods - versions {14.1.11}
[31May2025 22:24:53.880] [main/DEBUG] [net.minecraftforge.fml.loading.moddiscovery.ModFile/LOADING]: Loading mod file /workspaces/sdgfgsfgsf/servidor_minecraft/mods/waystones-forge-1.20.1-14.1.11.jar with languages [LanguageSpec[languageName=javafml, acceptedVersions=[46,)]]
[31May2025 22:24:53.880] [main/DEBUG] [net.minecraftforge.fml.loading.moddiscovery.ModFileParser/LOADING]: Considering mod file candidate /workspaces/sdgfgsfgsf/servidor_minecraft/mods/gravestone-forge-1.20.1-1.0.24.jar
[31May2025 22:24:53.881] [main/DEBUG] [net.minecraftforge.fml.loading.moddiscovery.ModFileInfo/LOADING]: Found valid mod file gravestone-forge-1.20.1-1.0.24.jar with {gravestone} mods - versions {1.20.1-1.0.24}
[31May2025 22:24:53.881] [main/DEBUG] [net.minecraftforge.fml.loading.moddiscovery.ModFile/LOADING]: Loading mod file /workspaces/sdgfgsfgsf/servidor_minecraft/mods/gravestone-forge-1.20.1-1.0.24.jar with languages [LanguageSpec[languageName=javafml, acceptedVersions=*]]
[31May2025 22:24:53.881] [main/DEBUG] [net.minecraftforge.fml.loading.moddiscovery.ModFileParser/LOADING]: Considering mod file candidate /workspaces/sdgfgsfgsf/servidor_minecraft/mods/ArPhEx-4.4.9-forge-1.20.1.jar
[31May2025 22:24:53.881] [main/DEBUG] [net.minecraftforge.fml.loading.moddiscovery.ModFileInfo/LOADING]: Found valid mod file ArPhEx-4.4.9-forge-1.20.1.jar with {arphex} mods - versions {4.4.9}
[31May2025 22:24:53.882] [main/DEBUG] [net.minecraftforge.fml.loading.moddiscovery.ModFile/LOADING]: Loading mod file /workspaces/sdgfgsfgsf/servidor_minecraft/mods/ArPhEx-4.4.9-forge-1.20.1.jar with languages [LanguageSpec[languageName=javafml, acceptedVersions=[47,)]]
[31May2025 22:24:53.882] [main/DEBUG] [net.minecraftforge.fml.loading.moddiscovery.ModFileParser/LOADING]: Considering mod file candidate /workspaces/sdgfgsfgsf/servidor_minecraft/mods/DiagonalFences-v8.1.5-1.20.1-Forge.jar
[31May2025 22:24:53.882] [main/DEBUG] [net.minecraftforge.fml.loading.moddiscovery.ModFileInfo/LOADING]: Found valid mod file DiagonalFences-v8.1.5-1.20.1-Forge.jar with {diagonalfences} mods - versions {8.1.5}
[31May2025 22:24:53.882] [main/DEBUG] [net.minecraftforge.fml.loading.moddiscovery.ModFile/LOADING]: Loading mod file /workspaces/sdgfgsfgsf/servidor_minecraft/mods/DiagonalFences-v8.1.5-1.20.1-Forge.jar with languages [LanguageSpec[languageName=javafml, acceptedVersions=[47,)]]
[31May2025 22:24:53.882] [main/DEBUG] [net.minecraftforge.fml.loading.moddiscovery.ModFileParser/LOADING]: Considering mod file candidate /workspaces/sdgfgsfgsf/servidor_minecraft/mods/ToughAsNails-forge-1.20.1-9.2.0.171.jar
[31May2025 22:24:53.883] [main/DEBUG] [net.minecraftforge.fml.loading.moddiscovery.ModFileInfo/LOADING]: Found valid mod file ToughAsNails-forge-1.20.1-9.2.0.171.jar with {toughasnails} mods - versions {9.2.0.171}
[31May2025 22:24:53.883] [main/DEBUG] [net.minecraftforge.fml.loading.moddiscovery.ModFile/LOADING]: Loading mod file /workspaces/sdgfgsfgsf/servidor_minecraft/mods/ToughAsNails-forge-1.20.1-9.2.0.171.jar with languages [LanguageSpec[languageName=javafml, acceptedVersions=[47,)]]
[31May2025 22:24:53.883] [main/DEBUG] [net.minecraftforge.fml.loading.moddiscovery.ModFileParser/LOADING]: Considering mod file candidate /workspaces/sdgfgsfgsf/servidor_minecraft/mods/GlitchCore-forge-1.20.1-0.0.1.1.jar
[31May2025 22:24:53.884] [main/DEBUG] [net.minecraftforge.fml.loading.moddiscovery.ModFileInfo/LOADING]: Found valid mod file GlitchCore-forge-1.20.1-0.0.1.1.jar with {glitchcore} mods - versions {0.0.1.1}
[31May2025 22:24:53.884] [main/DEBUG] [net.minecraftforge.fml.loading.moddiscovery.ModFile/LOADING]: Loading mod file /workspaces/sdgfgsfgsf/servidor_minecraft/mods/GlitchCore-forge-1.20.1-0.0.1.1.jar with languages [LanguageSpec[languageName=javafml, acceptedVersions=[47,)]]
[31May2025 22:24:53.884] [main/DEBUG] [net.minecraftforge.fml.loading.moddiscovery.ModFileParser/LOADING]: Considering mod file candidate /workspaces/sdgfgsfgsf/servidor_minecraft/mods/cannibal-1.0.5-1.20.1.jar
[31May2025 22:24:53.884] [main/DEBUG] [net.minecraftforge.fml.loading.moddiscovery.ModFileInfo/LOADING]: Found valid mod file cannibal-1.0.5-1.20.1.jar with {cannibal} mods - versions {1.0.5-1.20.1}
[31May2025 22:24:53.885] [main/DEBUG] [net.minecraftforge.fml.loading.moddiscovery.ModFile/LOADING]: Loading mod file /workspaces/sdgfgsfgsf/servidor_minecraft/mods/cannibal-1.0.5-1.20.1.jar with languages [LanguageSpec[languageName=javafml, acceptedVersions=[47,)]]
[31May2025 22:24:53.885] [main/DEBUG] [net.minecraftforge.fml.loading.moddiscovery.ModFileParser/LOADING]: Considering mod file candidate /workspaces/sdgfgsfgsf/servidor_minecraft/mods/sophisticatedbackpacks-1.20.1-3.23.14.1233.jar
[31May2025 22:24:53.885] [main/DEBUG] [net.minecraftforge.fml.loading.moddiscovery.ModFileInfo/LOADING]: Found valid mod file sophisticatedbackpacks-1.20.1-3.23.14.1233.jar with {sophisticatedbackpacks} mods - versions {3.23.14.1233}
[31May2025 22:24:53.885] [main/DEBUG] [net.minecraftforge.fml.loading.moddiscovery.ModFile/LOADING]: Loading mod file /workspaces/sdgfgsfgsf/servidor_minecraft/mods/sophisticatedbackpacks-1.20.1-3.23.14.1233.jar with languages [LanguageSpec[languageName=javafml, acceptedVersions=[47,)]]
[31May2025 22:24:53.886] [main/DEBUG] [net.minecraftforge.fml.loading.moddiscovery.ModFileParser/LOADING]: Considering mod file candidate /workspaces/sdgfgsfgsf/servidor_minecraft/mods/architectury-9.2.14-forge.jar
[31May2025 22:24:53.886] [main/DEBUG] [net.minecraftforge.fml.loading.moddiscovery.ModFileInfo/LOADING]: Found valid mod file architectury-9.2.14-forge.jar with {architectury} mods - versions {9.2.14}
[31May2025 22:24:53.886] [main/DEBUG] [net.minecraftforge.fml.loading.moddiscovery.ModFile/LOADING]: Loading mod file /workspaces/sdgfgsfgsf/servidor_minecraft/mods/architectury-9.2.14-forge.jar with languages [LanguageSpec[languageName=javafml, acceptedVersions=[46,)]]
[31May2025 22:24:53.886] [main/DEBUG] [net.minecraftforge.fml.loading.moddiscovery.ModFileParser/LOADING]: Considering mod file candidate /workspaces/sdgfgsfgsf/servidor_minecraft/mods/balm-forge-1.20.1-7.3.27-all.jar
[31May2025 22:24:53.887] [main/DEBUG] [net.minecraftforge.fml.loading.moddiscovery.ModFileInfo/LOADING]: Found valid mod file balm-forge-1.20.1-7.3.27-all.jar with {balm} mods - versions {7.3.27}
[31May2025 22:24:53.887] [main/DEBUG] [net.minecraftforge.fml.loading.moddiscovery.ModFile/LOADING]: Loading mod file /workspaces/sdgfgsfgsf/servidor_minecraft/mods/balm-forge-1.20.1-7.3.27-all.jar with languages [LanguageSpec[languageName=javafml, acceptedVersions=[46,)]]
[31May2025 22:24:53.887] [main/DEBUG] [net.minecraftforge.fml.loading.moddiscovery.ModFileParser/LOADING]: Considering mod file candidate /workspaces/sdgfgsfgsf/servidor_minecraft/mods/PuzzlesLib-v8.1.32-1.20.1-Forge.jar
[31May2025 22:24:53.887] [main/DEBUG] [net.minecraftforge.fml.loading.moddiscovery.ModFileInfo/LOADING]: Found valid mod file PuzzlesLib-v8.1.32-1.20.1-Forge.jar with {puzzleslib} mods - versions {8.1.32}
[31May2025 22:24:53.888] [main/DEBUG] [net.minecraftforge.fml.loading.moddiscovery.ModFile/LOADING]: Loading mod file /workspaces/sdgfgsfgsf/servidor_minecraft/mods/PuzzlesLib-v8.1.32-1.20.1-Forge.jar with languages [LanguageSpec[languageName=javafml, acceptedVersions=[47,)]]
[31May2025 22:24:53.888] [main/DEBUG] [net.minecraftforge.fml.loading.moddiscovery.ModFileParser/LOADING]: Considering mod file candidate /workspaces/sdgfgsfgsf/servidor_minecraft/mods/Aquaculture-1.20.1-2.5.5.jar
[31May2025 22:24:53.888] [main/DEBUG] [net.minecraftforge.fml.loading.moddiscovery.ModFileInfo/LOADING]: Found valid mod file Aquaculture-1.20.1-2.5.5.jar with {aquaculture} mods - versions {2.5.5}
[31May2025 22:24:53.888] [main/DEBUG] [net.minecraftforge.fml.loading.moddiscovery.ModFile/LOADING]: Loading mod file /workspaces/sdgfgsfgsf/servidor_minecraft/mods/Aquaculture-1.20.1-2.5.5.jar with languages [LanguageSpec[languageName=javafml, acceptedVersions=[47,)]]
[31May2025 22:24:53.888] [main/DEBUG] [net.minecraftforge.fml.loading.moddiscovery.ModFileParser/LOADING]: Considering mod file candidate /workspaces/sdgfgsfgsf/servidor_minecraft/mods/carryon-forge-1.20.1-2.1.2.7.jar
[31May2025 22:24:53.889] [main/DEBUG] [net.minecraftforge.fml.loading.moddiscovery.ModFileInfo/LOADING]: Found valid mod file carryon-forge-1.20.1-2.1.2.7.jar with {carryon} mods - versions {2.1.2.7}
[31May2025 22:24:53.889] [main/DEBUG] [net.minecraftforge.fml.loading.moddiscovery.ModFile/LOADING]: Loading mod file /workspaces/sdgfgsfgsf/servidor_minecraft/mods/carryon-forge-1.20.1-2.1.2.7.jar with languages [LanguageSpec[languageName=javafml, acceptedVersions=[46,)]]
[31May2025 22:24:53.889] [main/DEBUG] [net.minecraftforge.fml.loading.moddiscovery.ModFileParser/LOADING]: Considering mod file candidate /workspaces/sdgfgsfgsf/servidor_minecraft/mods/framework-forge-1.20.1-0.7.15.jar
[31May2025 22:24:53.889] [main/DEBUG] [net.minecraftforge.fml.loading.moddiscovery.ModFileInfo/LOADING]: Found valid mod file framework-forge-1.20.1-0.7.15.jar with {framework} mods - versions {0.7.15}
[31May2025 22:24:53.890] [main/DEBUG] [net.minecraftforge.fml.loading.moddiscovery.ModFile/LOADING]: Loading mod file /workspaces/sdgfgsfgsf/servidor_minecraft/mods/framework-forge-1.20.1-0.7.15.jar with languages [LanguageSpec[languageName=javafml, acceptedVersions=[39,)]]
[31May2025 22:24:53.890] [main/DEBUG] [net.minecraftforge.fml.loading.moddiscovery.ModFileParser/LOADING]: Considering mod file candidate 
[31May2025 22:24:53.890] [main/DEBUG] [net.minecraftforge.fml.loading.moddiscovery.ModFileInfo/LOADING]: Found valid mod file puzzlesaccessapi-forge-20.1.1.jar with {puzzlesaccessapi} mods - versions {20.1.1}
[31May2025 22:24:53.890] [main/DEBUG] [net.minecraftforge.fml.loading.moddiscovery.ModFile/LOADING]: Loading mod file  with languages [LanguageSpec[languageName=javafml, acceptedVersions=*]]
[31May2025 22:24:53.891] [main/DEBUG] [net.minecraftforge.fml.loading.moddiscovery.ModFileParser/LOADING]: Considering mod file candidate /workspaces/sdgfgsfgsf/servidor_minecraft/mods/cloth-config-11.1.136-forge.jar
[31May2025 22:24:53.891] [main/DEBUG] [net.minecraftforge.fml.loading.moddiscovery.ModFileInfo/LOADING]: Found valid mod file cloth-config-11.1.136-forge.jar with {cloth_config} mods - versions {11.1.136}
[31May2025 22:24:53.891] [main/DEBUG] [net.minecraftforge.fml.loading.moddiscovery.ModFile/LOADING]: Loading mod file /workspaces/sdgfgsfgsf/servidor_minecraft/mods/cloth-config-11.1.136-forge.jar with languages [LanguageSpec[languageName=javafml, acceptedVersions=[34,)]]
[31May2025 22:24:53.891] [main/DEBUG] [net.minecraftforge.fml.loading.moddiscovery.ModFileParser/LOADING]: Considering mod file candidate /workspaces/sdgfgsfgsf/servidor_minecraft/libraries/net/minecraftforge/forge/1.20.1-47.3.7/forge-1.20.1-47.3.7-universal.jar
[31May2025 22:24:53.892] [main/DEBUG] [net.minecraftforge.fml.loading.moddiscovery.ModFileInfo/LOADING]: Found valid mod file forge-1.20.1-47.3.7-universal.jar with {forge} mods - versions {47.3.7}
[31May2025 22:24:53.892] [main/DEBUG] [net.minecraftforge.fml.loading.moddiscovery.ModFile/LOADING]: Loading mod file /workspaces/sdgfgsfgsf/servidor_minecraft/libraries/net/minecraftforge/forge/1.20.1-47.3.7/forge-1.20.1-47.3.7-universal.jar with languages [LanguageSpec[languageName=javafml, acceptedVersions=[24,]]]
[31May2025 22:24:53.894] [main/DEBUG] [net.minecraftforge.fml.loading.moddiscovery.ModFileParser/LOADING]: Found coremod field_to_method with Javascript path coremods/field_to_method.js
[31May2025 22:24:53.894] [main/DEBUG] [net.minecraftforge.fml.loading.moddiscovery.ModFileParser/LOADING]: Found coremod field_to_instanceof with Javascript path coremods/field_to_instanceof.js
[31May2025 22:24:53.894] [main/DEBUG] [net.minecraftforge.fml.loading.moddiscovery.ModFileParser/LOADING]: Found coremod add_bouncer_method with Javascript path coremods/add_bouncer_method.js
[31May2025 22:24:53.894] [main/DEBUG] [net.minecraftforge.fml.loading.moddiscovery.ModFileParser/LOADING]: Found coremod method_redirector with Javascript path coremods/method_redirector.js
[31May2025 22:24:53.894] [main/DEBUG] [net.minecraftforge.fml.loading.moddiscovery.ModFile/LOADING]: Found coremod coremods/field_to_method.js
[31May2025 22:24:53.894] [main/DEBUG] [net.minecraftforge.fml.loading.moddiscovery.ModFile/LOADING]: Found coremod coremods/field_to_instanceof.js
[31May2025 22:24:53.894] [main/DEBUG] [net.minecraftforge.fml.loading.moddiscovery.ModFile/LOADING]: Found coremod coremods/add_bouncer_method.js
[31May2025 22:24:53.894] [main/DEBUG] [net.minecraftforge.fml.loading.moddiscovery.ModFile/LOADING]: Found coremod coremods/method_redirector.js
[31May2025 22:24:53.895] [main/DEBUG] [net.minecraftforge.fml.loading.moddiscovery.ModFileParser/LOADING]: Considering mod file candidate /workspaces/sdgfgsfgsf/servidor_minecraft/mods/scuba_gear-1.20.1-1.0.6.jar
[31May2025 22:24:53.895] [main/DEBUG] [net.minecraftforge.fml.loading.moddiscovery.ModFileInfo/LOADING]: Found valid mod file scuba_gear-1.20.1-1.0.6.jar with {scuba_gear} mods - versions {1.0.6}
[31May2025 22:24:53.895] [main/DEBUG] [net.minecraftforge.fml.loading.moddiscovery.ModFile/LOADING]: Loading mod file /workspaces/sdgfgsfgsf/servidor_minecraft/mods/scuba_gear-1.20.1-1.0.6.jar with languages [LanguageSpec[languageName=javafml, acceptedVersions=[47,)]]
[31May2025 22:24:53.896] [main/DEBUG] [net.minecraftforge.fml.loading.moddiscovery.ModFileParser/LOADING]: Considering mod file candidate /workspaces/sdgfgsfgsf/servidor_minecraft/mods/SimpleRadio-forge-1.20.1-2.4.6.1.jar
[31May2025 22:24:53.896] [main/DEBUG] [net.minecraftforge.fml.loading.moddiscovery.ModFileInfo/LOADING]: Found valid mod file SimpleRadio-forge-1.20.1-2.4.6.1.jar with {simpleradio} mods - versions {2.4.6.1}
[31May2025 22:24:53.896] [main/DEBUG] [net.minecraftforge.fml.loading.moddiscovery.ModFile/LOADING]: Loading mod file /workspaces/sdgfgsfgsf/servidor_minecraft/mods/SimpleRadio-forge-1.20.1-2.4.6.1.jar with languages [LanguageSpec[languageName=javafml, acceptedVersions=[47,)]]
[31May2025 22:24:53.897] [main/DEBUG] [net.minecraftforge.fml.loading.moddiscovery.ModFileParser/LOADING]: Considering mod file candidate /workspaces/sdgfgsfgsf/servidor_minecraft/mods/PlayerRevive_FORGE_v2.0.31_mc1.20.1.jar
[31May2025 22:24:53.897] [main/DEBUG] [net.minecraftforge.fml.loading.moddiscovery.ModFileInfo/LOADING]: Found valid mod file PlayerRevive_FORGE_v2.0.31_mc1.20.1.jar with {playerrevive} mods - versions {2.0.31}
[31May2025 22:24:53.897] [main/DEBUG] [net.minecraftforge.fml.loading.moddiscovery.ModFile/LOADING]: Loading mod file /workspaces/sdgfgsfgsf/servidor_minecraft/mods/PlayerRevive_FORGE_v2.0.31_mc1.20.1.jar with languages [LanguageSpec[languageName=javafml, acceptedVersions=[46,)]]
[31May2025 22:24:53.897] [main/DEBUG] [net.minecraftforge.fml.loading.moddiscovery.ModFileParser/LOADING]: Considering mod file candidate 
[31May2025 22:24:53.898] [main/DEBUG] [net.minecraftforge.fml.loading.moddiscovery.ModFileInfo/LOADING]: Found valid mod file diagonalblocks-forge-8.0.6.jar with {diagonalblocks} mods - versions {8.0.6}
[31May2025 22:24:53.898] [main/DEBUG] [net.minecraftforge.fml.loading.moddiscovery.ModFile/LOADING]: Loading mod file  with languages [LanguageSpec[languageName=javafml, acceptedVersions=[47,)]]
[31May2025 22:24:53.898] [main/DEBUG] [net.minecraftforge.fml.loading.moddiscovery.ModFile/LOADING]: Loading mod file  with languages []
[31May2025 22:24:53.898] [main/DEBUG] [net.minecraftforge.fml.loading.moddiscovery.ModFileParser/LOADING]: Considering mod file candidate 
[31May2025 22:24:53.899] [main/DEBUG] [net.minecraftforge.fml.loading.moddiscovery.ModFileInfo/LOADING]: Found valid mod file mixinextras-forge-0.4.1.jar with {mixinextras} mods - versions {0.4.1}
[31May2025 22:24:53.899] [main/DEBUG] [net.minecraftforge.fml.loading.moddiscovery.ModFile/LOADING]: Loading mod file  with languages [LanguageSpec[languageName=javafml, acceptedVersions=*]]
[31May2025 22:24:53.899] [main/DEBUG] [net.minecraftforge.fml.loading.moddiscovery.ModFile/LOADING]: Loading mod file  with languages []
[31May2025 22:24:53.899] [main/DEBUG] [net.minecraftforge.fml.loading.moddiscovery.ModFile/LOADING]: Loading mod file  with languages []
[31May2025 22:24:53.899] [main/DEBUG] [net.minecraftforge.fml.loading.moddiscovery.ModFileParser/LOADING]: Considering mod file candidate 
[31May2025 22:24:53.900] [main/DEBUG] [net.minecraftforge.fml.loading.moddiscovery.ModFileInfo/LOADING]: Found valid mod file mixinextras-forge-0.4.1.jar with {mixinextras} mods - versions {0.4.1}
[31May2025 22:24:53.900] [main/DEBUG] [net.minecraftforge.fml.loading.moddiscovery.ModFile/LOADING]: Loading mod file  with languages [LanguageSpec[languageName=javafml, acceptedVersions=*]]
[31May2025 22:24:53.900] [main/DEBUG] [net.minecraftforge.fml.loading.moddiscovery.ModFile/LOADING]: Loading mod file  with languages []
[31May2025 22:24:53.901] [main/DEBUG] [cpw.mods.modlauncher.TransformationServiceDecorator/MODLAUNCHER]: End scan trigger - transformation service fml
[31May2025 22:24:53.911] [main/DEBUG] [net.minecraftforge.fml.loading.LanguageLoadingProvider/CORE]: Found 3 language providers
[31May2025 22:24:53.912] [main/DEBUG] [net.minecraftforge.fml.loading.LanguageLoadingProvider/CORE]: Found language provider minecraft, version 1.0
[31May2025 22:24:53.913] [main/DEBUG] [net.minecraftforge.fml.loading.LanguageLoadingProvider/CORE]: Found language provider lowcodefml, version 47
[31May2025 22:24:53.913] [main/DEBUG] [net.minecraftforge.fml.loading.LanguageLoadingProvider/CORE]: Found language provider javafml, version 47
[31May2025 22:24:53.916] [main/DEBUG] [net.minecraftforge.fml.loading.UniqueModListBuilder/]: Found 2 mods for first modid mclib, selecting most recent based on version data
[31May2025 22:24:53.917] [main/DEBUG] [net.minecraftforge.fml.loading.UniqueModListBuilder/]: Selected file mclib-20.jar for modid mclib with version 0.0NONE
[31May2025 22:24:53.917] [main/DEBUG] [net.minecraftforge.fml.loading.UniqueModListBuilder/]: Found 2 mods for first modid mixinextras, selecting most recent based on version data
[31May2025 22:24:53.917] [main/DEBUG] [net.minecraftforge.fml.loading.UniqueModListBuilder/]: Selected file mixinextras-forge-0.4.1.jar for modid mixinextras with version 0.4.1
[31May2025 22:24:53.917] [main/DEBUG] [net.minecraftforge.fml.loading.UniqueModListBuilder/]: Found 2 mods for first modid MixinExtras, selecting most recent based on version data
[31May2025 22:24:53.917] [main/DEBUG] [net.minecraftforge.fml.loading.UniqueModListBuilder/]: Selected file MixinExtras-0.4.1.jar for modid MixinExtras with version 0.0NONE
[31May2025 22:24:53.919] [main/DEBUG] [net.minecraftforge.fml.loading.ModSorter/]: Configured system mods: [minecraft, forge]
[31May2025 22:24:53.919] [main/DEBUG] [net.minecraftforge.fml.loading.ModSorter/]: Found system mod: minecraft
[31May2025 22:24:53.919] [main/DEBUG] [net.minecraftforge.fml.loading.ModSorter/]: Found system mod: forge
[31May2025 22:24:53.923] [main/DEBUG] [net.minecraftforge.fml.loading.ModSorter/LOADING]: Found 88 mod requirements (78 mandatory, 10 optional)
[31May2025 22:24:53.924] [main/DEBUG] [net.minecraftforge.fml.loading.ModSorter/LOADING]: Found 0 mod requirements missing (0 mandatory, 0 optional)
[31May2025 22:24:54.458] [main/DEBUG] [cpw.mods.modlauncher.TransformationServicesHandler/MODLAUNCHER]: Transformation services loading transformers
[31May2025 22:24:54.459] [main/DEBUG] [cpw.mods.modlauncher.TransformationServiceDecorator/MODLAUNCHER]: Initializing transformers for transformation service mixin
[31May2025 22:24:54.459] [main/DEBUG] [cpw.mods.modlauncher.TransformationServiceDecorator/MODLAUNCHER]: Initialized transformers for transformation service mixin
[31May2025 22:24:54.460] [main/DEBUG] [cpw.mods.modlauncher.TransformationServiceDecorator/MODLAUNCHER]: Initializing transformers for transformation service fml
[31May2025 22:24:54.460] [main/DEBUG] [net.minecraftforge.fml.loading.FMLServiceProvider/CORE]: Loading coremod transformers
[31May2025 22:24:54.460] [main/DEBUG] [net.minecraftforge.coremod.CoreModEngine/COREMOD]: Loading CoreMod from coremods/field_to_method.js
[31May2025 22:24:54.627] [main/DEBUG] [net.minecraftforge.coremod.CoreModEngine/COREMOD]: CoreMod loaded successfully
[31May2025 22:24:54.627] [main/DEBUG] [net.minecraftforge.coremod.CoreModEngine/COREMOD]: Loading CoreMod from coremods/field_to_instanceof.js
[31May2025 22:24:54.681] [main/DEBUG] [net.minecraftforge.coremod.CoreModEngine/COREMOD]: CoreMod loaded successfully
[31May2025 22:24:54.681] [main/DEBUG] [net.minecraftforge.coremod.CoreModEngine/COREMOD]: Loading CoreMod from coremods/add_bouncer_method.js
[31May2025 22:24:54.729] [main/DEBUG] [net.minecraftforge.coremod.CoreModEngine/COREMOD]: CoreMod loaded successfully
[31May2025 22:24:54.729] [main/DEBUG] [net.minecraftforge.coremod.CoreModEngine/COREMOD]: Loading CoreMod from coremods/method_redirector.js
[31May2025 22:24:54.795] [main/DEBUG] [net.minecraftforge.coremod.CoreModEngine/COREMOD]: CoreMod loaded successfully
[31May2025 22:24:54.804] [main/DEBUG] [cpw.mods.modlauncher.TransformStore/MODLAUNCHER]: Adding transformer net.minecraftforge.coremod.transformer.CoreModClassTransformer@5626d18c to Target : CLASS {Lnet/minecraft/world/level/biome/Biome;} {} {V}
[31May2025 22:24:54.805] [main/DEBUG] [cpw.mods.modlauncher.TransformStore/MODLAUNCHER]: Adding transformer net.minecraftforge.coremod.transformer.CoreModClassTransformer@329548d0 to Target : CLASS {Lnet/minecraft/world/level/levelgen/structure/Structure;} {} {V}
[31May2025 22:24:54.805] [main/DEBUG] [cpw.mods.modlauncher.TransformStore/MODLAUNCHER]: Adding transformer net.minecraftforge.coremod.transformer.CoreModClassTransformer@3003827c to Target : CLASS {Lnet/minecraft/world/effect/MobEffectInstance;} {} {V}
[31May2025 22:24:54.805] [main/DEBUG] [cpw.mods.modlauncher.TransformStore/MODLAUNCHER]: Adding transformer net.minecraftforge.coremod.transformer.CoreModClassTransformer@29b40b3 to Target : CLASS {Lnet/minecraft/world/level/block/LiquidBlock;} {} {V}
[31May2025 22:24:54.805] [main/DEBUG] [cpw.mods.modlauncher.TransformStore/MODLAUNCHER]: Adding transformer net.minecraftforge.coremod.transformer.CoreModClassTransformer@7d247660 to Target : CLASS {Lnet/minecraft/world/item/BucketItem;} {} {V}
[31May2025 22:24:54.805] [main/DEBUG] [cpw.mods.modlauncher.TransformStore/MODLAUNCHER]: Adding transformer net.minecraftforge.coremod.transformer.CoreModClassTransformer@656f62dc to Target : CLASS {Lnet/minecraft/world/level/block/StairBlock;} {} {V}
[31May2025 22:24:54.806] [main/DEBUG] [cpw.mods.modlauncher.TransformStore/MODLAUNCHER]: Adding transformer net.minecraftforge.coremod.transformer.CoreModClassTransformer@49d30c6f to Target : CLASS {Lnet/minecraft/world/level/block/FlowerPotBlock;} {} {V}
[31May2025 22:24:54.806] [main/DEBUG] [cpw.mods.modlauncher.TransformStore/MODLAUNCHER]: Adding transformer net.minecraftforge.coremod.transformer.CoreModClassTransformer@1115433e to Target : CLASS {Lnet/minecraft/world/item/ItemStack;} {} {V}
[31May2025 22:24:54.806] [main/DEBUG] [cpw.mods.modlauncher.TransformStore/MODLAUNCHER]: Adding transformer net.minecraftforge.coremod.transformer.CoreModClassTransformer@4fdca00a to Target : CLASS {Lnet/minecraft/network/play/client/CClientSettingsPacket;} {} {V}
[31May2025 22:24:54.807] [main/DEBUG] [cpw.mods.modlauncher.TransformStore/MODLAUNCHER]: Adding transformer net.minecraftforge.coremod.transformer.CoreModClassTransformer@513b52af to Target : CLASS {Lnet/minecraft/world/entity/monster/Evoker$EvokerSummonSpellGoal;} {} {V}
[31May2025 22:24:54.807] [main/DEBUG] [cpw.mods.modlauncher.TransformStore/MODLAUNCHER]: Adding transformer net.minecraftforge.coremod.transformer.CoreModClassTransformer@513b52af to Target : CLASS {Lnet/minecraft/world/entity/raid/Raid;} {} {V}
[31May2025 22:24:54.807] [main/DEBUG] [cpw.mods.modlauncher.TransformStore/MODLAUNCHER]: Adding transformer net.minecraftforge.coremod.transformer.CoreModClassTransformer@513b52af to Target : CLASS {Lnet/minecraft/world/entity/npc/Villager;} {} {V}
[31May2025 22:24:54.807] [main/DEBUG] [cpw.mods.modlauncher.TransformStore/MODLAUNCHER]: Adding transformer net.minecraftforge.coremod.transformer.CoreModClassTransformer@513b52af to Target : CLASS {Lnet/minecraft/world/level/levelgen/structure/structures/OceanRuinPieces$OceanRuinPiece;} {} {V}
[31May2025 22:24:54.807] [main/DEBUG] [cpw.mods.modlauncher.TransformStore/MODLAUNCHER]: Adding transformer net.minecraftforge.coremod.transformer.CoreModClassTransformer@513b52af to Target : CLASS {Lnet/minecraft/world/entity/monster/Strider;} {} {V}
[31May2025 22:24:54.807] [main/DEBUG] [cpw.mods.modlauncher.TransformStore/MODLAUNCHER]: Adding transformer net.minecraftforge.coremod.transformer.CoreModClassTransformer@513b52af to Target : CLASS {Lnet/minecraft/world/level/NaturalSpawner;} {} {V}
[31May2025 22:24:54.807] [main/DEBUG] [cpw.mods.modlauncher.TransformStore/MODLAUNCHER]: Adding transformer net.minecraftforge.coremod.transformer.CoreModClassTransformer@513b52af to Target : CLASS {Lnet/minecraft/world/entity/npc/CatSpawner;} {} {V}
[31May2025 22:24:54.807] [main/DEBUG] [cpw.mods.modlauncher.TransformStore/MODLAUNCHER]: Adding transformer net.minecraftforge.coremod.transformer.CoreModClassTransformer@513b52af to Target : CLASS {Lnet/minecraft/world/entity/animal/frog/Tadpole;} {} {V}
[31May2025 22:24:54.807] [main/DEBUG] [cpw.mods.modlauncher.TransformStore/MODLAUNCHER]: Adding transformer net.minecraftforge.coremod.transformer.CoreModClassTransformer@513b52af to Target : CLASS {Lnet/minecraft/world/entity/EntityType;} {} {V}
[31May2025 22:24:54.807] [main/DEBUG] [cpw.mods.modlauncher.TransformStore/MODLAUNCHER]: Adding transformer net.minecraftforge.coremod.transformer.CoreModClassTransformer@513b52af to Target : CLASS {Lnet/minecraft/world/level/levelgen/structure/structures/WoodlandMansionPieces$WoodlandMansionPiece;} {} {V}
[31May2025 22:24:54.808] [main/DEBUG] [cpw.mods.modlauncher.TransformStore/MODLAUNCHER]: Adding transformer net.minecraftforge.coremod.transformer.CoreModClassTransformer@513b52af to Target : CLASS {Lnet/minecraft/world/level/levelgen/structure/templatesystem/StructureTemplate;} {} {V}
[31May2025 22:24:54.808] [main/DEBUG] [cpw.mods.modlauncher.TransformStore/MODLAUNCHER]: Adding transformer net.minecraftforge.coremod.transformer.CoreModClassTransformer@513b52af to Target : CLASS {Lnet/minecraft/server/commands/SummonCommand;} {} {V}
[31May2025 22:24:54.808] [main/DEBUG] [cpw.mods.modlauncher.TransformStore/MODLAUNCHER]: Adding transformer net.minecraftforge.coremod.transformer.CoreModClassTransformer@513b52af to Target : CLASS {Lnet/minecraft/world/level/levelgen/PatrolSpawner;} {} {V}
[31May2025 22:24:54.808] [main/DEBUG] [cpw.mods.modlauncher.TransformStore/MODLAUNCHER]: Adding transformer net.minecraftforge.coremod.transformer.CoreModClassTransformer@513b52af to Target : CLASS {Lnet/minecraft/world/level/levelgen/structure/structures/OceanMonumentPieces$OceanMonumentPiece;} {} {V}
[31May2025 22:24:54.808] [main/DEBUG] [cpw.mods.modlauncher.TransformStore/MODLAUNCHER]: Adding transformer net.minecraftforge.coremod.transformer.CoreModClassTransformer@513b52af to Target : CLASS {Lnet/minecraft/world/entity/monster/ZombieVillager;} {} {V}
[31May2025 22:24:54.808] [main/DEBUG] [cpw.mods.modlauncher.TransformStore/MODLAUNCHER]: Adding transformer net.minecraftforge.coremod.transformer.CoreModClassTransformer@513b52af to Target : CLASS {Lnet/minecraft/world/entity/monster/Spider;} {} {V}
[31May2025 22:24:54.808] [main/DEBUG] [cpw.mods.modlauncher.TransformStore/MODLAUNCHER]: Adding transformer net.minecraftforge.coremod.transformer.CoreModClassTransformer@513b52af to Target : CLASS {Lnet/minecraft/server/commands/RaidCommand;} {} {V}
[31May2025 22:24:54.808] [main/DEBUG] [cpw.mods.modlauncher.TransformStore/MODLAUNCHER]: Adding transformer net.minecraftforge.coremod.transformer.CoreModClassTransformer@513b52af to Target : CLASS {Lnet/minecraft/world/level/levelgen/PhantomSpawner;} {} {V}
[31May2025 22:24:54.808] [main/DEBUG] [cpw.mods.modlauncher.TransformStore/MODLAUNCHER]: Adding transformer net.minecraftforge.coremod.transformer.CoreModClassTransformer@513b52af to Target : CLASS {Lnet/minecraft/world/level/levelgen/structure/structures/SwampHutPiece;} {} {V}
[31May2025 22:24:54.808] [main/DEBUG] [cpw.mods.modlauncher.TransformStore/MODLAUNCHER]: Adding transformer net.minecraftforge.coremod.transformer.CoreModClassTransformer@513b52af to Target : CLASS {Lnet/minecraft/world/entity/ai/village/VillageSiege;} {} {V}
[31May2025 22:24:54.808] [main/DEBUG] [cpw.mods.modlauncher.TransformStore/MODLAUNCHER]: Adding transformer net.minecraftforge.coremod.transformer.CoreModClassTransformer@513b52af to Target : CLASS {Lnet/minecraft/world/entity/animal/horse/SkeletonTrapGoal;} {} {V}
[31May2025 22:24:54.809] [main/DEBUG] [cpw.mods.modlauncher.TransformStore/MODLAUNCHER]: Adding transformer net.minecraftforge.coremod.transformer.CoreModClassTransformer@513b52af to Target : CLASS {Lnet/minecraft/world/entity/monster/Zombie;} {} {V}
[31May2025 22:24:54.809] [main/DEBUG] [cpw.mods.modlauncher.TransformationServiceDecorator/MODLAUNCHER]: Initialized transformers for transformation service fml
[31May2025 22:24:55.917] [main/DEBUG] [mixin/]: Processing prepare() for PlatformAgent[MixinPlatformAgentDefault:ModLauncher Root Container(ModLauncher:4f56a0a2)]
[31May2025 22:24:55.917] [main/DEBUG] [mixin/]: Processing launch tasks for PlatformAgent[MixinPlatformAgentDefault:ModLauncher Root Container(ModLauncher:4f56a0a2)]
[31May2025 22:24:55.918] [main/DEBUG] [mixin/]: Adding mixin platform agents for container SecureJarResource(minecraft)
[31May2025 22:24:55.918] [main/DEBUG] [mixin/]: Instancing new MixinPlatformAgentMinecraftForge for SecureJarResource(minecraft)
[31May2025 22:24:55.918] [main/DEBUG] [mixin/]: MixinPlatformAgentMinecraftForge rejected container SecureJarResource(minecraft)
[31May2025 22:24:55.918] [main/DEBUG] [mixin/]: Instancing new MixinPlatformAgentDefault for SecureJarResource(minecraft)
[31May2025 22:24:55.919] [main/DEBUG] [mixin/]: MixinPlatformAgentDefault accepted container SecureJarResource(minecraft)
[31May2025 22:24:55.919] [main/DEBUG] [mixin/]: Processing prepare() for PlatformAgent[MixinPlatformAgentDefault:SecureJarResource(minecraft)]
[31May2025 22:24:55.919] [main/DEBUG] [mixin/]: Adding mixin platform agents for container SecureJarResource(betteranimationscollection)
[31May2025 22:24:55.919] [main/DEBUG] [mixin/]: Instancing new MixinPlatformAgentMinecraftForge for SecureJarResource(betteranimationscollection)
[31May2025 22:24:55.919] [main/DEBUG] [mixin/]: MixinPlatformAgentMinecraftForge rejected container SecureJarResource(betteranimationscollection)
[31May2025 22:24:55.919] [main/DEBUG] [mixin/]: Instancing new MixinPlatformAgentDefault for SecureJarResource(betteranimationscollection)
[31May2025 22:24:55.920] [main/DEBUG] [mixin/]: MixinPlatformAgentDefault accepted container SecureJarResource(betteranimationscollection)
[31May2025 22:24:55.920] [main/DEBUG] [mixin/]: Processing prepare() for PlatformAgent[MixinPlatformAgentDefault:SecureJarResource(betteranimationscollection)]
[31May2025 22:24:55.920] [main/DEBUG] [mixin/]: Registering mixin config: betteranimationscollection.common.mixins.json
[31May2025 22:24:55.936] [main/DEBUG] [mixin/]: Compatibility level JAVA_17 specified by betteranimationscollection.common.mixins.json is higher than the maximum level supported by this version of mixin (JAVA_13).
[31May2025 22:24:55.940] [main/INFO] [mixin/]: Compatibility level set to JAVA_17
[31May2025 22:24:55.941] [main/DEBUG] [mixin/]: Adding mixin platform agents for container SecureJarResource(subnautica_flow)
[31May2025 22:24:55.941] [main/DEBUG] [mixin/]: Instancing new MixinPlatformAgentMinecraftForge for SecureJarResource(subnautica_flow)
[31May2025 22:24:55.941] [main/DEBUG] [mixin/]: MixinPlatformAgentMinecraftForge rejected container SecureJarResource(subnautica_flow)
[31May2025 22:24:55.941] [main/DEBUG] [mixin/]: Instancing new MixinPlatformAgentDefault for SecureJarResource(subnautica_flow)
[31May2025 22:24:55.941] [main/DEBUG] [mixin/]: MixinPlatformAgentDefault accepted container SecureJarResource(subnautica_flow)
[31May2025 22:24:55.941] [main/DEBUG] [mixin/]: Processing prepare() for PlatformAgent[MixinPlatformAgentDefault:SecureJarResource(subnautica_flow)]
[31May2025 22:24:55.941] [main/DEBUG] [mixin/]: Adding mixin platform agents for container SecureJarResource(kuma_api)
[31May2025 22:24:55.941] [main/DEBUG] [mixin/]: Instancing new MixinPlatformAgentMinecraftForge for SecureJarResource(kuma_api)
[31May2025 22:24:55.942] [main/DEBUG] [mixin/]: MixinPlatformAgentMinecraftForge rejected container SecureJarResource(kuma_api)
[31May2025 22:24:55.942] [main/DEBUG] [mixin/]: Instancing new MixinPlatformAgentDefault for SecureJarResource(kuma_api)
[31May2025 22:24:55.942] [main/DEBUG] [mixin/]: MixinPlatformAgentDefault accepted container SecureJarResource(kuma_api)
[31May2025 22:24:55.942] [main/DEBUG] [mixin/]: Processing prepare() for PlatformAgent[MixinPlatformAgentDefault:SecureJarResource(kuma_api)]
[31May2025 22:24:55.942] [main/DEBUG] [mixin/]: Registering mixin config: kuma_api.mixins.json
[31May2025 22:24:55.944] [main/DEBUG] [mixin/]: Registering mixin config: kuma_api.forge.mixins.json
[31May2025 22:24:55.946] [main/DEBUG] [mixin/]: Adding mixin platform agents for container SecureJarResource(gore_edition)
[31May2025 22:24:55.947] [main/DEBUG] [mixin/]: Instancing new MixinPlatformAgentMinecraftForge for SecureJarResource(gore_edition)
[31May2025 22:24:55.947] [main/DEBUG] [mixin/]: MixinPlatformAgentMinecraftForge rejected container SecureJarResource(gore_edition)
[31May2025 22:24:55.947] [main/DEBUG] [mixin/]: Instancing new MixinPlatformAgentDefault for SecureJarResource(gore_edition)
[31May2025 22:24:55.947] [main/DEBUG] [mixin/]: MixinPlatformAgentDefault accepted container SecureJarResource(gore_edition)
[31May2025 22:24:55.947] [main/DEBUG] [mixin/]: Processing prepare() for PlatformAgent[MixinPlatformAgentDefault:SecureJarResource(gore_edition)]
[31May2025 22:24:55.947] [main/DEBUG] [mixin/]: Adding mixin platform agents for container SecureJarResource(geckolib)
[31May2025 22:24:55.948] [main/DEBUG] [mixin/]: Instancing new MixinPlatformAgentMinecraftForge for SecureJarResource(geckolib)
[31May2025 22:24:55.948] [main/DEBUG] [mixin/]: MixinPlatformAgentMinecraftForge rejected container SecureJarResource(geckolib)
[31May2025 22:24:55.948] [main/DEBUG] [mixin/]: Instancing new MixinPlatformAgentDefault for SecureJarResource(geckolib)
[31May2025 22:24:55.948] [main/DEBUG] [mixin/]: MixinPlatformAgentDefault accepted container SecureJarResource(geckolib)
[31May2025 22:24:55.948] [main/DEBUG] [mixin/]: Processing prepare() for PlatformAgent[MixinPlatformAgentDefault:SecureJarResource(geckolib)]
[31May2025 22:24:55.948] [main/DEBUG] [mixin/]: Registering mixin config: geckolib.mixins.json
[31May2025 22:24:55.953] [main/DEBUG] [mixin/]: Adding mixin platform agents for container SecureJarResource(playeranimator)
[31May2025 22:24:55.953] [main/DEBUG] [mixin/]: Instancing new MixinPlatformAgentMinecraftForge for SecureJarResource(playeranimator)
[31May2025 22:24:55.953] [main/DEBUG] [mixin/]: MixinPlatformAgentMinecraftForge rejected container SecureJarResource(playeranimator)
[31May2025 22:24:55.953] [main/DEBUG] [mixin/]: Instancing new MixinPlatformAgentDefault for SecureJarResource(playeranimator)
[31May2025 22:24:55.954] [main/DEBUG] [mixin/]: MixinPlatformAgentDefault accepted container SecureJarResource(playeranimator)
[31May2025 22:24:55.954] [main/DEBUG] [mixin/]: Processing prepare() for PlatformAgent[MixinPlatformAgentDefault:SecureJarResource(playeranimator)]
[31May2025 22:24:55.954] [main/DEBUG] [mixin/]: Registering mixin config: playerAnimator-common.mixins.json
[31May2025 22:24:55.955] [main/DEBUG] [mixin/]: Compatibility level JAVA_16 specified by playerAnimator-common.mixins.json is higher than the maximum level supported by this version of mixin (JAVA_13).
[31May2025 22:24:55.956] [main/DEBUG] [mixin/]: Adding mixin platform agents for container SecureJarResource(creativecore)
[31May2025 22:24:55.956] [main/DEBUG] [mixin/]: Instancing new MixinPlatformAgentMinecraftForge for SecureJarResource(creativecore)
[31May2025 22:24:55.956] [main/DEBUG] [mixin/]: MixinPlatformAgentMinecraftForge rejected container SecureJarResource(creativecore)
[31May2025 22:24:55.956] [main/DEBUG] [mixin/]: Instancing new MixinPlatformAgentDefault for SecureJarResource(creativecore)
[31May2025 22:24:55.956] [main/DEBUG] [mixin/]: MixinPlatformAgentDefault accepted container SecureJarResource(creativecore)
[31May2025 22:24:55.956] [main/DEBUG] [mixin/]: Processing prepare() for PlatformAgent[MixinPlatformAgentDefault:SecureJarResource(creativecore)]
[31May2025 22:24:55.956] [main/DEBUG] [mixin/]: Registering mixin config: creativecore.mixins.json
[31May2025 22:24:55.958] [main/DEBUG] [mixin/]: Registering mixin config: creativecore.forge.mixins.json
[31May2025 22:24:55.959] [main/DEBUG] [mixin/]: Adding mixin platform agents for container SecureJarResource(jei)
[31May2025 22:24:55.960] [main/DEBUG] [mixin/]: Instancing new MixinPlatformAgentMinecraftForge for SecureJarResource(jei)
[31May2025 22:24:55.960] [main/DEBUG] [mixin/]: MixinPlatformAgentMinecraftForge rejected container SecureJarResource(jei)
[31May2025 22:24:55.960] [main/DEBUG] [mixin/]: Instancing new MixinPlatformAgentDefault for SecureJarResource(jei)
[31May2025 22:24:55.960] [main/DEBUG] [mixin/]: MixinPlatformAgentDefault accepted container SecureJarResource(jei)
[31May2025 22:24:55.960] [main/DEBUG] [mixin/]: Processing prepare() for PlatformAgent[MixinPlatformAgentDefault:SecureJarResource(jei)]
[31May2025 22:24:55.960] [main/DEBUG] [mixin/]: Adding mixin platform agents for container SecureJarResource(cgm)
[31May2025 22:24:55.960] [main/DEBUG] [mixin/]: Instancing new MixinPlatformAgentMinecraftForge for SecureJarResource(cgm)
[31May2025 22:24:55.961] [main/DEBUG] [mixin/]: MixinPlatformAgentMinecraftForge rejected container SecureJarResource(cgm)
[31May2025 22:24:55.961] [main/DEBUG] [mixin/]: Instancing new MixinPlatformAgentDefault for SecureJarResource(cgm)
[31May2025 22:24:55.961] [main/DEBUG] [mixin/]: MixinPlatformAgentDefault accepted container SecureJarResource(cgm)
[31May2025 22:24:55.961] [main/DEBUG] [mixin/]: Processing prepare() for PlatformAgent[MixinPlatformAgentDefault:SecureJarResource(cgm)]
[31May2025 22:24:55.961] [main/DEBUG] [mixin/]: Registering mixin config: cgm.mixins.json
[31May2025 22:24:55.963] [main/DEBUG] [mixin/]: Compatibility level JAVA_8 specified by cgm.mixins.json is lower than the default level supported by the current mixin service (JAVA_16).
[31May2025 22:24:55.963] [main/DEBUG] [mixin/]: Adding mixin platform agents for container SecureJarResource(visualworkbench)
[31May2025 22:24:55.963] [main/DEBUG] [mixin/]: Instancing new MixinPlatformAgentMinecraftForge for SecureJarResource(visualworkbench)
[31May2025 22:24:55.963] [main/DEBUG] [mixin/]: MixinPlatformAgentMinecraftForge rejected container SecureJarResource(visualworkbench)
[31May2025 22:24:55.963] [main/DEBUG] [mixin/]: Instancing new MixinPlatformAgentDefault for SecureJarResource(visualworkbench)
[31May2025 22:24:55.964] [main/DEBUG] [mixin/]: MixinPlatformAgentDefault accepted container SecureJarResource(visualworkbench)
[31May2025 22:24:55.964] [main/DEBUG] [mixin/]: Processing prepare() for PlatformAgent[MixinPlatformAgentDefault:SecureJarResource(visualworkbench)]
[31May2025 22:24:55.964] [main/DEBUG] [mixin/]: Registering mixin config: visualworkbench.common.mixins.json
[31May2025 22:24:55.965] [main/DEBUG] [mixin/]: Adding mixin platform agents for container SecureJarResource(sophisticatedcore)
[31May2025 22:24:55.965] [main/DEBUG] [mixin/]: Instancing new MixinPlatformAgentMinecraftForge for SecureJarResource(sophisticatedcore)
[31May2025 22:24:55.965] [main/DEBUG] [mixin/]: MixinPlatformAgentMinecraftForge rejected container SecureJarResource(sophisticatedcore)
[31May2025 22:24:55.966] [main/DEBUG] [mixin/]: Instancing new MixinPlatformAgentDefault for SecureJarResource(sophisticatedcore)
[31May2025 22:24:55.966] [main/DEBUG] [mixin/]: MixinPlatformAgentDefault accepted container SecureJarResource(sophisticatedcore)
[31May2025 22:24:55.966] [main/DEBUG] [mixin/]: Processing prepare() for PlatformAgent[MixinPlatformAgentDefault:SecureJarResource(sophisticatedcore)]
[31May2025 22:24:55.966] [main/DEBUG] [mixin/]: Adding mixin platform agents for container SecureJarResource(waystones)
[31May2025 22:24:55.966] [main/DEBUG] [mixin/]: Instancing new MixinPlatformAgentMinecraftForge for SecureJarResource(waystones)
[31May2025 22:24:55.966] [main/DEBUG] [mixin/]: MixinPlatformAgentMinecraftForge rejected container SecureJarResource(waystones)
[31May2025 22:24:55.966] [main/DEBUG] [mixin/]: Instancing new MixinPlatformAgentDefault for SecureJarResource(waystones)
[31May2025 22:24:55.966] [main/DEBUG] [mixin/]: MixinPlatformAgentDefault accepted container SecureJarResource(waystones)
[31May2025 22:24:55.966] [main/DEBUG] [mixin/]: Processing prepare() for PlatformAgent[MixinPlatformAgentDefault:SecureJarResource(waystones)]
[31May2025 22:24:55.966] [main/DEBUG] [mixin/]: Registering mixin config: waystones.mixins.json
[31May2025 22:24:55.968] [main/DEBUG] [mixin/]: Adding mixin platform agents for container SecureJarResource(lexiconfig)
[31May2025 22:24:55.968] [main/DEBUG] [mixin/]: Instancing new MixinPlatformAgentMinecraftForge for SecureJarResource(lexiconfig)
[31May2025 22:24:55.968] [main/DEBUG] [mixin/]: MixinPlatformAgentMinecraftForge rejected container SecureJarResource(lexiconfig)
[31May2025 22:24:55.969] [main/DEBUG] [mixin/]: Instancing new MixinPlatformAgentDefault for SecureJarResource(lexiconfig)
[31May2025 22:24:55.969] [main/DEBUG] [mixin/]: MixinPlatformAgentDefault accepted container SecureJarResource(lexiconfig)
[31May2025 22:24:55.969] [main/DEBUG] [mixin/]: Processing prepare() for PlatformAgent[MixinPlatformAgentDefault:SecureJarResource(lexiconfig)]
[31May2025 22:24:55.969] [main/DEBUG] [mixin/]: Registering mixin config: lexiconfig.mixins.json
[31May2025 22:24:55.970] [main/DEBUG] [mixin/]: Registering mixin config: lexiconfig.forge.mixins.json
[31May2025 22:24:55.972] [main/DEBUG] [mixin/]: Adding mixin platform agents for container SecureJarResource(gravestone)
[31May2025 22:24:55.972] [main/DEBUG] [mixin/]: Instancing new MixinPlatformAgentMinecraftForge for SecureJarResource(gravestone)
[31May2025 22:24:55.972] [main/DEBUG] [mixin/]: MixinPlatformAgentMinecraftForge rejected container SecureJarResource(gravestone)
[31May2025 22:24:55.973] [main/DEBUG] [mixin/]: Instancing new MixinPlatformAgentDefault for SecureJarResource(gravestone)
[31May2025 22:24:55.973] [main/DEBUG] [mixin/]: MixinPlatformAgentDefault accepted container SecureJarResource(gravestone)
[31May2025 22:24:55.973] [main/DEBUG] [mixin/]: Processing prepare() for PlatformAgent[MixinPlatformAgentDefault:SecureJarResource(gravestone)]
[31May2025 22:24:55.973] [main/DEBUG] [mixin/]: Adding mixin platform agents for container SecureJarResource(arphex)
[31May2025 22:24:55.973] [main/DEBUG] [mixin/]: Instancing new MixinPlatformAgentMinecraftForge for SecureJarResource(arphex)
[31May2025 22:24:55.973] [main/DEBUG] [mixin/]: MixinPlatformAgentMinecraftForge rejected container SecureJarResource(arphex)
[31May2025 22:24:55.973] [main/DEBUG] [mixin/]: Instancing new MixinPlatformAgentDefault for SecureJarResource(arphex)
[31May2025 22:24:55.973] [main/DEBUG] [mixin/]: MixinPlatformAgentDefault accepted container SecureJarResource(arphex)
[31May2025 22:24:55.974] [main/DEBUG] [mixin/]: Processing prepare() for PlatformAgent[MixinPlatformAgentDefault:SecureJarResource(arphex)]
[31May2025 22:24:55.974] [main/DEBUG] [mixin/]: Adding mixin platform agents for container SecureJarResource(diagonalfences)
[31May2025 22:24:55.974] [main/DEBUG] [mixin/]: Instancing new MixinPlatformAgentMinecraftForge for SecureJarResource(diagonalfences)
[31May2025 22:24:55.974] [main/DEBUG] [mixin/]: MixinPlatformAgentMinecraftForge rejected container SecureJarResource(diagonalfences)
[31May2025 22:24:55.974] [main/DEBUG] [mixin/]: Instancing new MixinPlatformAgentDefault for SecureJarResource(diagonalfences)
[31May2025 22:24:55.974] [main/DEBUG] [mixin/]: MixinPlatformAgentDefault accepted container SecureJarResource(diagonalfences)
[31May2025 22:24:55.974] [main/DEBUG] [mixin/]: Processing prepare() for PlatformAgent[MixinPlatformAgentDefault:SecureJarResource(diagonalfences)]
[31May2025 22:24:55.974] [main/DEBUG] [mixin/]: Adding mixin platform agents for container SecureJarResource(mixinextras)
[31May2025 22:24:55.974] [main/DEBUG] [mixin/]: Instancing new MixinPlatformAgentMinecraftForge for SecureJarResource(mixinextras)
[31May2025 22:24:55.974] [main/DEBUG] [mixin/]: MixinPlatformAgentMinecraftForge rejected container SecureJarResource(mixinextras)
[31May2025 22:24:55.974] [main/DEBUG] [mixin/]: Instancing new MixinPlatformAgentDefault for SecureJarResource(mixinextras)
[31May2025 22:24:55.975] [main/DEBUG] [mixin/]: MixinPlatformAgentDefault accepted container SecureJarResource(mixinextras)
[31May2025 22:24:55.975] [main/DEBUG] [mixin/]: Processing prepare() for PlatformAgent[MixinPlatformAgentDefault:SecureJarResource(mixinextras)]
[31May2025 22:24:55.975] [main/DEBUG] [mixin/]: Registering mixin config: mixinextras.init.mixins.json
[31May2025 22:24:55.976] [main/DEBUG] [mixin/]: Adding mixin platform agents for container SecureJarResource(glitchcore)
[31May2025 22:24:55.976] [main/DEBUG] [mixin/]: Instancing new MixinPlatformAgentMinecraftForge for SecureJarResource(glitchcore)
[31May2025 22:24:55.977] [main/DEBUG] [mixin/]: MixinPlatformAgentMinecraftForge rejected container SecureJarResource(glitchcore)
[31May2025 22:24:55.977] [main/DEBUG] [mixin/]: Instancing new MixinPlatformAgentDefault for SecureJarResource(glitchcore)
[31May2025 22:24:55.977] [main/DEBUG] [mixin/]: MixinPlatformAgentDefault accepted container SecureJarResource(glitchcore)
[31May2025 22:24:55.977] [main/DEBUG] [mixin/]: Processing prepare() for PlatformAgent[MixinPlatformAgentDefault:SecureJarResource(glitchcore)]
[31May2025 22:24:55.977] [main/DEBUG] [mixin/]: Registering mixin config: glitchcore.mixins.json
[31May2025 22:24:55.978] [main/DEBUG] [mixin/]: Registering mixin config: glitchcore.forge.mixins.json
[31May2025 22:24:55.980] [main/DEBUG] [mixin/]: Adding mixin platform agents for container SecureJarResource(toughasnails)
[31May2025 22:24:55.980] [main/DEBUG] [mixin/]: Instancing new MixinPlatformAgentMinecraftForge for SecureJarResource(toughasnails)
[31May2025 22:24:55.980] [main/DEBUG] [mixin/]: MixinPlatformAgentMinecraftForge rejected container SecureJarResource(toughasnails)
[31May2025 22:24:55.980] [main/DEBUG] [mixin/]: Instancing new MixinPlatformAgentDefault for SecureJarResource(toughasnails)
[31May2025 22:24:55.980] [main/DEBUG] [mixin/]: MixinPlatformAgentDefault accepted container SecureJarResource(toughasnails)
[31May2025 22:24:55.980] [main/DEBUG] [mixin/]: Processing prepare() for PlatformAgent[MixinPlatformAgentDefault:SecureJarResource(toughasnails)]
[31May2025 22:24:55.981] [main/DEBUG] [mixin/]: Registering mixin config: toughasnails.mixins.json
[31May2025 22:24:55.982] [main/DEBUG] [mixin/]: Registering mixin config: toughasnails.forge.mixins.json
[31May2025 22:24:55.984] [main/DEBUG] [mixin/]: Adding mixin platform agents for container SecureJarResource(sophisticatedbackpacks)
[31May2025 22:24:55.984] [main/DEBUG] [mixin/]: Instancing new MixinPlatformAgentMinecraftForge for SecureJarResource(sophisticatedbackpacks)
[31May2025 22:24:55.984] [main/DEBUG] [mixin/]: MixinPlatformAgentMinecraftForge rejected container SecureJarResource(sophisticatedbackpacks)
[31May2025 22:24:55.984] [main/DEBUG] [mixin/]: Instancing new MixinPlatformAgentDefault for SecureJarResource(sophisticatedbackpacks)
[31May2025 22:24:55.985] [main/DEBUG] [mixin/]: MixinPlatformAgentDefault accepted container SecureJarResource(sophisticatedbackpacks)
[31May2025 22:24:55.985] [main/DEBUG] [mixin/]: Processing prepare() for PlatformAgent[MixinPlatformAgentDefault:SecureJarResource(sophisticatedbackpacks)]
[31May2025 22:24:55.985] [main/DEBUG] [mixin/]: Adding mixin platform agents for container SecureJarResource(cannibal)
[31May2025 22:24:55.985] [main/DEBUG] [mixin/]: Instancing new MixinPlatformAgentMinecraftForge for SecureJarResource(cannibal)
[31May2025 22:24:55.985] [main/DEBUG] [mixin/]: MixinPlatformAgentMinecraftForge rejected container SecureJarResource(cannibal)
[31May2025 22:24:55.985] [main/DEBUG] [mixin/]: Instancing new MixinPlatformAgentDefault for SecureJarResource(cannibal)
[31May2025 22:24:55.985] [main/DEBUG] [mixin/]: MixinPlatformAgentDefault accepted container SecureJarResource(cannibal)
[31May2025 22:24:55.985] [main/DEBUG] [mixin/]: Processing prepare() for PlatformAgent[MixinPlatformAgentDefault:SecureJarResource(cannibal)]
[31May2025 22:24:55.985] [main/DEBUG] [mixin/]: Registering mixin config: cannibal.mixin.json
[31May2025 22:24:55.987] [main/ERROR] [mixin/]: Mixin config cannibal.mixin.json does not specify "minVersion" property
[31May2025 22:24:55.987] [main/DEBUG] [mixin/]: Adding mixin platform agents for container SecureJarResource(architectury)
[31May2025 22:24:55.987] [main/DEBUG] [mixin/]: Instancing new MixinPlatformAgentMinecraftForge for SecureJarResource(architectury)
[31May2025 22:24:55.987] [main/DEBUG] [mixin/]: MixinPlatformAgentMinecraftForge rejected container SecureJarResource(architectury)
[31May2025 22:24:55.987] [main/DEBUG] [mixin/]: Instancing new MixinPlatformAgentDefault for SecureJarResource(architectury)
[31May2025 22:24:55.987] [main/DEBUG] [mixin/]: MixinPlatformAgentDefault accepted container SecureJarResource(architectury)
[31May2025 22:24:55.987] [main/DEBUG] [mixin/]: Processing prepare() for PlatformAgent[MixinPlatformAgentDefault:SecureJarResource(architectury)]
[31May2025 22:24:55.988] [main/DEBUG] [mixin/]: Registering mixin config: architectury.mixins.json
[31May2025 22:24:55.990] [main/DEBUG] [mixin/]: Compatibility level JAVA_16 specified by architectury.mixins.json is higher than the maximum level supported by this version of mixin (JAVA_13).
[31May2025 22:24:55.990] [main/DEBUG] [mixin/]: Registering mixin config: architectury-common.mixins.json
[31May2025 22:24:55.991] [main/DEBUG] [mixin/]: Compatibility level JAVA_16 specified by architectury-common.mixins.json is higher than the maximum level supported by this version of mixin (JAVA_13).
[31May2025 22:24:55.992] [main/DEBUG] [mixin/]: Adding mixin platform agents for container SecureJarResource(fallingtrees)
[31May2025 22:24:55.992] [main/DEBUG] [mixin/]: Instancing new MixinPlatformAgentMinecraftForge for SecureJarResource(fallingtrees)
[31May2025 22:24:55.992] [main/DEBUG] [mixin/]: MixinPlatformAgentMinecraftForge rejected container SecureJarResource(fallingtrees)
[31May2025 22:24:55.992] [main/DEBUG] [mixin/]: Instancing new MixinPlatformAgentDefault for SecureJarResource(fallingtrees)
[31May2025 22:24:55.992] [main/DEBUG] [mixin/]: MixinPlatformAgentDefault accepted container SecureJarResource(fallingtrees)
[31May2025 22:24:55.992] [main/DEBUG] [mixin/]: Processing prepare() for PlatformAgent[MixinPlatformAgentDefault:SecureJarResource(fallingtrees)]
[31May2025 22:24:55.992] [main/DEBUG] [mixin/]: Registering mixin config: fallingtrees-common.mixins.json
[31May2025 22:24:55.994] [main/DEBUG] [mixin/]: Registering mixin config: fallingtrees.mixins.json
[31May2025 22:24:55.996] [main/DEBUG] [mixin/]: Adding mixin platform agents for container SecureJarResource(pandalib)
[31May2025 22:24:55.996] [main/DEBUG] [mixin/]: Instancing new MixinPlatformAgentMinecraftForge for SecureJarResource(pandalib)
[31May2025 22:24:55.996] [main/DEBUG] [mixin/]: MixinPlatformAgentMinecraftForge rejected container SecureJarResource(pandalib)
[31May2025 22:24:55.996] [main/DEBUG] [mixin/]: Instancing new MixinPlatformAgentDefault for SecureJarResource(pandalib)
[31May2025 22:24:55.996] [main/DEBUG] [mixin/]: MixinPlatformAgentDefault accepted container SecureJarResource(pandalib)
[31May2025 22:24:55.996] [main/DEBUG] [mixin/]: Processing prepare() for PlatformAgent[MixinPlatformAgentDefault:SecureJarResource(pandalib)]
[31May2025 22:24:55.996] [main/DEBUG] [mixin/]: Registering mixin config: pandalib-common.mixins.json
[31May2025 22:24:55.997] [main/DEBUG] [mixin/]: Registering mixin config: pandalib.mixins.json
[31May2025 22:24:55.999] [main/DEBUG] [mixin/]: Adding mixin platform agents for container SecureJarResource(balm)
[31May2025 22:24:55.999] [main/DEBUG] [mixin/]: Instancing new MixinPlatformAgentMinecraftForge for SecureJarResource(balm)
[31May2025 22:24:55.999] [main/DEBUG] [mixin/]: MixinPlatformAgentMinecraftForge rejected container SecureJarResource(balm)
[31May2025 22:24:55.999] [main/DEBUG] [mixin/]: Instancing new MixinPlatformAgentDefault for SecureJarResource(balm)
[31May2025 22:24:55.999] [main/DEBUG] [mixin/]: MixinPlatformAgentDefault accepted container SecureJarResource(balm)
[31May2025 22:24:55.999] [main/DEBUG] [mixin/]: Processing prepare() for PlatformAgent[MixinPlatformAgentDefault:SecureJarResource(balm)]
[31May2025 22:24:55.999] [main/DEBUG] [mixin/]: Registering mixin config: balm.mixins.json
[31May2025 22:24:56.000] [main/DEBUG] [mixin/]: Adding mixin platform agents for container SecureJarResource(puzzleslib)
[31May2025 22:24:56.000] [main/DEBUG] [mixin/]: Instancing new MixinPlatformAgentMinecraftForge for SecureJarResource(puzzleslib)
[31May2025 22:24:56.000] [main/DEBUG] [mixin/]: MixinPlatformAgentMinecraftForge rejected container SecureJarResource(puzzleslib)
[31May2025 22:24:56.000] [main/DEBUG] [mixin/]: Instancing new MixinPlatformAgentDefault for SecureJarResource(puzzleslib)
[31May2025 22:24:56.001] [main/DEBUG] [mixin/]: MixinPlatformAgentDefault accepted container SecureJarResource(puzzleslib)
[31May2025 22:24:56.001] [main/DEBUG] [mixin/]: Processing prepare() for PlatformAgent[MixinPlatformAgentDefault:SecureJarResource(puzzleslib)]
[31May2025 22:24:56.001] [main/DEBUG] [mixin/]: Registering mixin config: puzzleslib.common.mixins.json
[31May2025 22:24:56.002] [main/DEBUG] [mixin/]: Registering mixin config: puzzleslib.forge.mixins.json
[31May2025 22:24:56.003] [main/DEBUG] [mixin/]: Adding mixin platform agents for container SecureJarResource(carryon)
[31May2025 22:24:56.003] [main/DEBUG] [mixin/]: Instancing new MixinPlatformAgentMinecraftForge for SecureJarResource(carryon)
[31May2025 22:24:56.004] [main/DEBUG] [mixin/]: MixinPlatformAgentMinecraftForge rejected container SecureJarResource(carryon)
[31May2025 22:24:56.004] [main/DEBUG] [mixin/]: Instancing new MixinPlatformAgentDefault for SecureJarResource(carryon)
[31May2025 22:24:56.004] [main/DEBUG] [mixin/]: MixinPlatformAgentDefault accepted container SecureJarResource(carryon)
[31May2025 22:24:56.004] [main/DEBUG] [mixin/]: Processing prepare() for PlatformAgent[MixinPlatformAgentDefault:SecureJarResource(carryon)]
[31May2025 22:24:56.004] [main/DEBUG] [mixin/]: Registering mixin config: carryon.mixins.json
[31May2025 22:24:56.006] [main/DEBUG] [mixin/]: Registering mixin config: carryon.forge.mixins.json
[31May2025 22:24:56.008] [main/DEBUG] [mixin/]: Adding mixin platform agents for container SecureJarResource(framework)
[31May2025 22:24:56.008] [main/DEBUG] [mixin/]: Instancing new MixinPlatformAgentMinecraftForge for SecureJarResource(framework)
[31May2025 22:24:56.008] [main/DEBUG] [mixin/]: MixinPlatformAgentMinecraftForge rejected container SecureJarResource(framework)
[31May2025 22:24:56.008] [main/DEBUG] [mixin/]: Instancing new MixinPlatformAgentDefault for SecureJarResource(framework)
[31May2025 22:24:56.008] [main/DEBUG] [mixin/]: MixinPlatformAgentDefault accepted container SecureJarResource(framework)
[31May2025 22:24:56.008] [main/DEBUG] [mixin/]: Processing prepare() for PlatformAgent[MixinPlatformAgentDefault:SecureJarResource(framework)]
[31May2025 22:24:56.008] [main/DEBUG] [mixin/]: Adding mixin platform agents for container SecureJarResource(puzzlesaccessapi)
[31May2025 22:24:56.008] [main/DEBUG] [mixin/]: Instancing new MixinPlatformAgentMinecraftForge for SecureJarResource(puzzlesaccessapi)
[31May2025 22:24:56.009] [main/DEBUG] [mixin/]: MixinPlatformAgentMinecraftForge rejected container SecureJarResource(puzzlesaccessapi)
[31May2025 22:24:56.009] [main/DEBUG] [mixin/]: Instancing new MixinPlatformAgentDefault for SecureJarResource(puzzlesaccessapi)
[31May2025 22:24:56.009] [main/DEBUG] [mixin/]: MixinPlatformAgentDefault accepted container SecureJarResource(puzzlesaccessapi)
[31May2025 22:24:56.009] [main/DEBUG] [mixin/]: Processing prepare() for PlatformAgent[MixinPlatformAgentDefault:SecureJarResource(puzzlesaccessapi)]
[31May2025 22:24:56.009] [main/DEBUG] [mixin/]: Registering mixin config: puzzlesaccessapi.common.mixins.json
[31May2025 22:24:56.010] [main/DEBUG] [mixin/]: Registering mixin config: puzzlesaccessapi.forge.mixins.json
[31May2025 22:24:56.012] [main/DEBUG] [mixin/]: Adding mixin platform agents for container SecureJarResource(cloth_config)
[31May2025 22:24:56.012] [main/DEBUG] [mixin/]: Instancing new MixinPlatformAgentMinecraftForge for SecureJarResource(cloth_config)
[31May2025 22:24:56.012] [main/DEBUG] [mixin/]: MixinPlatformAgentMinecraftForge rejected container SecureJarResource(cloth_config)
[31May2025 22:24:56.012] [main/DEBUG] [mixin/]: Instancing new MixinPlatformAgentDefault for SecureJarResource(cloth_config)
[31May2025 22:24:56.012] [main/DEBUG] [mixin/]: MixinPlatformAgentDefault accepted container SecureJarResource(cloth_config)
[31May2025 22:24:56.013] [main/DEBUG] [mixin/]: Processing prepare() for PlatformAgent[MixinPlatformAgentDefault:SecureJarResource(cloth_config)]
[31May2025 22:24:56.013] [main/DEBUG] [mixin/]: Adding mixin platform agents for container SecureJarResource(voicechat)
[31May2025 22:24:56.013] [main/DEBUG] [mixin/]: Instancing new MixinPlatformAgentMinecraftForge for SecureJarResource(voicechat)
[31May2025 22:24:56.013] [main/DEBUG] [mixin/]: MixinPlatformAgentMinecraftForge rejected container SecureJarResource(voicechat)
[31May2025 22:24:56.013] [main/DEBUG] [mixin/]: Instancing new MixinPlatformAgentDefault for SecureJarResource(voicechat)
[31May2025 22:24:56.013] [main/DEBUG] [mixin/]: MixinPlatformAgentDefault accepted container SecureJarResource(voicechat)
[31May2025 22:24:56.013] [main/DEBUG] [mixin/]: Processing prepare() for PlatformAgent[MixinPlatformAgentDefault:SecureJarResource(voicechat)]
[31May2025 22:24:56.013] [main/DEBUG] [mixin/]: Adding mixin platform agents for container SecureJarResource(sound_physics_remastered)
[31May2025 22:24:56.013] [main/DEBUG] [mixin/]: Instancing new MixinPlatformAgentMinecraftForge for SecureJarResource(sound_physics_remastered)
[31May2025 22:24:56.013] [main/DEBUG] [mixin/]: MixinPlatformAgentMinecraftForge rejected container SecureJarResource(sound_physics_remastered)
[31May2025 22:24:56.013] [main/DEBUG] [mixin/]: Instancing new MixinPlatformAgentDefault for SecureJarResource(sound_physics_remastered)
[31May2025 22:24:56.013] [main/DEBUG] [mixin/]: MixinPlatformAgentDefault accepted container SecureJarResource(sound_physics_remastered)
[31May2025 22:24:56.013] [main/DEBUG] [mixin/]: Processing prepare() for PlatformAgent[MixinPlatformAgentDefault:SecureJarResource(sound_physics_remastered)]
[31May2025 22:24:56.014] [main/DEBUG] [mixin/]: Adding mixin platform agents for container SecureJarResource(forge)
[31May2025 22:24:56.014] [main/DEBUG] [mixin/]: Instancing new MixinPlatformAgentMinecraftForge for SecureJarResource(forge)
[31May2025 22:24:56.014] [main/DEBUG] [mixin/]: MixinPlatformAgentMinecraftForge rejected container SecureJarResource(forge)
[31May2025 22:24:56.014] [main/DEBUG] [mixin/]: Instancing new MixinPlatformAgentDefault for SecureJarResource(forge)
[31May2025 22:24:56.014] [main/DEBUG] [mixin/]: MixinPlatformAgentDefault accepted container SecureJarResource(forge)
[31May2025 22:24:56.014] [main/DEBUG] [mixin/]: Processing prepare() for PlatformAgent[MixinPlatformAgentDefault:SecureJarResource(forge)]
[31May2025 22:24:56.014] [main/DEBUG] [mixin/]: Adding mixin platform agents for container SecureJarResource(aquaculture)
[31May2025 22:24:56.014] [main/DEBUG] [mixin/]: Instancing new MixinPlatformAgentMinecraftForge for SecureJarResource(aquaculture)
[31May2025 22:24:56.014] [main/DEBUG] [mixin/]: MixinPlatformAgentMinecraftForge rejected container SecureJarResource(aquaculture)
[31May2025 22:24:56.014] [main/DEBUG] [mixin/]: Instancing new MixinPlatformAgentDefault for SecureJarResource(aquaculture)
[31May2025 22:24:56.014] [main/DEBUG] [mixin/]: MixinPlatformAgentDefault accepted container SecureJarResource(aquaculture)
[31May2025 22:24:56.015] [main/DEBUG] [mixin/]: Processing prepare() for PlatformAgent[MixinPlatformAgentDefault:SecureJarResource(aquaculture)]
[31May2025 22:24:56.015] [main/DEBUG] [mixin/]: Adding mixin platform agents for container SecureJarResource(simpleradio)
[31May2025 22:24:56.015] [main/DEBUG] [mixin/]: Instancing new MixinPlatformAgentMinecraftForge for SecureJarResource(simpleradio)
[31May2025 22:24:56.015] [main/DEBUG] [mixin/]: MixinPlatformAgentMinecraftForge rejected container SecureJarResource(simpleradio)
[31May2025 22:24:56.015] [main/DEBUG] [mixin/]: Instancing new MixinPlatformAgentDefault for SecureJarResource(simpleradio)
[31May2025 22:24:56.015] [main/DEBUG] [mixin/]: MixinPlatformAgentDefault accepted container SecureJarResource(simpleradio)
[31May2025 22:24:56.015] [main/DEBUG] [mixin/]: Processing prepare() for PlatformAgent[MixinPlatformAgentDefault:SecureJarResource(simpleradio)]
[31May2025 22:24:56.015] [main/DEBUG] [mixin/]: Registering mixin config: simpleradio.mixins.json
[31May2025 22:24:56.017] [main/DEBUG] [mixin/]: Registering mixin config: simpleradio.forge.mixins.json
[31May2025 22:24:56.018] [main/DEBUG] [mixin/]: Adding mixin platform agents for container SecureJarResource(scuba_gear)
[31May2025 22:24:56.018] [main/DEBUG] [mixin/]: Instancing new MixinPlatformAgentMinecraftForge for SecureJarResource(scuba_gear)
[31May2025 22:24:56.018] [main/DEBUG] [mixin/]: MixinPlatformAgentMinecraftForge rejected container SecureJarResource(scuba_gear)
[31May2025 22:24:56.019] [main/DEBUG] [mixin/]: Instancing new MixinPlatformAgentDefault for SecureJarResource(scuba_gear)
[31May2025 22:24:56.019] [main/DEBUG] [mixin/]: MixinPlatformAgentDefault accepted container SecureJarResource(scuba_gear)
[31May2025 22:24:56.019] [main/DEBUG] [mixin/]: Processing prepare() for PlatformAgent[MixinPlatformAgentDefault:SecureJarResource(scuba_gear)]
[31May2025 22:24:56.019] [main/DEBUG] [mixin/]: Registering mixin config: scuba_gear.mixins.json
[31May2025 22:24:56.021] [main/DEBUG] [mixin/]: Adding mixin platform agents for container SecureJarResource(playerrevive)
[31May2025 22:24:56.021] [main/DEBUG] [mixin/]: Instancing new MixinPlatformAgentMinecraftForge for SecureJarResource(playerrevive)
[31May2025 22:24:56.021] [main/DEBUG] [mixin/]: MixinPlatformAgentMinecraftForge rejected container SecureJarResource(playerrevive)
[31May2025 22:24:56.021] [main/DEBUG] [mixin/]: Instancing new MixinPlatformAgentDefault for SecureJarResource(playerrevive)
[31May2025 22:24:56.021] [main/DEBUG] [mixin/]: MixinPlatformAgentDefault accepted container SecureJarResource(playerrevive)
[31May2025 22:24:56.021] [main/DEBUG] [mixin/]: Processing prepare() for PlatformAgent[MixinPlatformAgentDefault:SecureJarResource(playerrevive)]
[31May2025 22:24:56.021] [main/DEBUG] [mixin/]: Registering mixin config: playerrevive.mixins.json
[31May2025 22:24:56.023] [main/DEBUG] [mixin/]: Adding mixin platform agents for container SecureJarResource(diagonalblocks)
[31May2025 22:24:56.023] [main/DEBUG] [mixin/]: Instancing new MixinPlatformAgentMinecraftForge for SecureJarResource(diagonalblocks)
[31May2025 22:24:56.023] [main/DEBUG] [mixin/]: MixinPlatformAgentMinecraftForge rejected container SecureJarResource(diagonalblocks)
[31May2025 22:24:56.023] [main/DEBUG] [mixin/]: Instancing new MixinPlatformAgentDefault for SecureJarResource(diagonalblocks)
[31May2025 22:24:56.023] [main/DEBUG] [mixin/]: MixinPlatformAgentDefault accepted container SecureJarResource(diagonalblocks)
[31May2025 22:24:56.023] [main/DEBUG] [mixin/]: Processing prepare() for PlatformAgent[MixinPlatformAgentDefault:SecureJarResource(diagonalblocks)]
[31May2025 22:24:56.023] [main/DEBUG] [mixin/]: Registering mixin config: diagonalblocks.common.mixins.json
[31May2025 22:24:56.025] [main/DEBUG] [mixin/]: Adding mixin platform agents for container SecureJarResource(mclib)
[31May2025 22:24:56.025] [main/DEBUG] [mixin/]: Instancing new MixinPlatformAgentMinecraftForge for SecureJarResource(mclib)
[31May2025 22:24:56.025] [main/DEBUG] [mixin/]: MixinPlatformAgentMinecraftForge rejected container SecureJarResource(mclib)
[31May2025 22:24:56.025] [main/DEBUG] [mixin/]: Instancing new MixinPlatformAgentDefault for SecureJarResource(mclib)
[31May2025 22:24:56.025] [main/DEBUG] [mixin/]: MixinPlatformAgentDefault accepted container SecureJarResource(mclib)
[31May2025 22:24:56.025] [main/DEBUG] [mixin/]: Processing prepare() for PlatformAgent[MixinPlatformAgentDefault:SecureJarResource(mclib)]
[31May2025 22:24:56.025] [main/DEBUG] [mixin/]: Adding mixin platform agents for container SecureJarResource(MixinExtras)
[31May2025 22:24:56.025] [main/DEBUG] [mixin/]: Instancing new MixinPlatformAgentMinecraftForge for SecureJarResource(MixinExtras)
[31May2025 22:24:56.025] [main/DEBUG] [mixin/]: MixinPlatformAgentMinecraftForge rejected container SecureJarResource(MixinExtras)
[31May2025 22:24:56.025] [main/DEBUG] [mixin/]: Instancing new MixinPlatformAgentDefault for SecureJarResource(MixinExtras)
[31May2025 22:24:56.025] [main/DEBUG] [mixin/]: MixinPlatformAgentDefault accepted container SecureJarResource(MixinExtras)
[31May2025 22:24:56.025] [main/DEBUG] [mixin/]: Processing prepare() for PlatformAgent[MixinPlatformAgentDefault:SecureJarResource(MixinExtras)]
[31May2025 22:24:56.025] [main/DEBUG] [mixin/]: inject() running with 42 agents
[31May2025 22:24:56.026] [main/DEBUG] [mixin/]: Processing inject() for PlatformAgent[MixinPlatformAgentDefault:ModLauncher Root Container(ModLauncher:4f56a0a2)]
[31May2025 22:24:56.026] [main/DEBUG] [mixin/]: Processing inject() for PlatformAgent[MixinPlatformAgentDefault:SecureJarResource(minecraft)]
[31May2025 22:24:56.026] [main/DEBUG] [mixin/]: Processing inject() for PlatformAgent[MixinPlatformAgentDefault:SecureJarResource(betteranimationscollection)]
[31May2025 22:24:56.026] [main/DEBUG] [mixin/]: Processing inject() for PlatformAgent[MixinPlatformAgentDefault:SecureJarResource(subnautica_flow)]
[31May2025 22:24:56.026] [main/DEBUG] [mixin/]: Processing inject() for PlatformAgent[MixinPlatformAgentDefault:SecureJarResource(kuma_api)]
[31May2025 22:24:56.026] [main/DEBUG] [mixin/]: Processing inject() for PlatformAgent[MixinPlatformAgentDefault:SecureJarResource(gore_edition)]
[31May2025 22:24:56.026] [main/DEBUG] [mixin/]: Processing inject() for PlatformAgent[MixinPlatformAgentDefault:SecureJarResource(geckolib)]
[31May2025 22:24:56.026] [main/DEBUG] [mixin/]: Processing inject() for PlatformAgent[MixinPlatformAgentDefault:SecureJarResource(playeranimator)]
[31May2025 22:24:56.026] [main/DEBUG] [mixin/]: Processing inject() for PlatformAgent[MixinPlatformAgentDefault:SecureJarResource(creativecore)]
[31May2025 22:24:56.026] [main/DEBUG] [mixin/]: Processing inject() for PlatformAgent[MixinPlatformAgentDefault:SecureJarResource(jei)]
[31May2025 22:24:56.026] [main/DEBUG] [mixin/]: Processing inject() for PlatformAgent[MixinPlatformAgentDefault:SecureJarResource(cgm)]
[31May2025 22:24:56.026] [main/DEBUG] [mixin/]: Processing inject() for PlatformAgent[MixinPlatformAgentDefault:SecureJarResource(visualworkbench)]
[31May2025 22:24:56.026] [main/DEBUG] [mixin/]: Processing inject() for PlatformAgent[MixinPlatformAgentDefault:SecureJarResource(sophisticatedcore)]
[31May2025 22:24:56.026] [main/DEBUG] [mixin/]: Processing inject() for PlatformAgent[MixinPlatformAgentDefault:SecureJarResource(waystones)]
[31May2025 22:24:56.026] [main/DEBUG] [mixin/]: Processing inject() for PlatformAgent[MixinPlatformAgentDefault:SecureJarResource(lexiconfig)]
[31May2025 22:24:56.026] [main/DEBUG] [mixin/]: Processing inject() for PlatformAgent[MixinPlatformAgentDefault:SecureJarResource(gravestone)]
[31May2025 22:24:56.026] [main/DEBUG] [mixin/]: Processing inject() for PlatformAgent[MixinPlatformAgentDefault:SecureJarResource(arphex)]
[31May2025 22:24:56.027] [main/DEBUG] [mixin/]: Processing inject() for PlatformAgent[MixinPlatformAgentDefault:SecureJarResource(diagonalfences)]
[31May2025 22:24:56.027] [main/DEBUG] [mixin/]: Processing inject() for PlatformAgent[MixinPlatformAgentDefault:SecureJarResource(mixinextras)]
[31May2025 22:24:56.027] [main/DEBUG] [mixin/]: Processing inject() for PlatformAgent[MixinPlatformAgentDefault:SecureJarResource(glitchcore)]
[31May2025 22:24:56.027] [main/DEBUG] [mixin/]: Processing inject() for PlatformAgent[MixinPlatformAgentDefault:SecureJarResource(toughasnails)]
[31May2025 22:24:56.027] [main/DEBUG] [mixin/]: Processing inject() for PlatformAgent[MixinPlatformAgentDefault:SecureJarResource(sophisticatedbackpacks)]
[31May2025 22:24:56.027] [main/DEBUG] [mixin/]: Processing inject() for PlatformAgent[MixinPlatformAgentDefault:SecureJarResource(cannibal)]
[31May2025 22:24:56.027] [main/DEBUG] [mixin/]: Processing inject() for PlatformAgent[MixinPlatformAgentDefault:SecureJarResource(architectury)]
[31May2025 22:24:56.027] [main/DEBUG] [mixin/]: Processing inject() for PlatformAgent[MixinPlatformAgentDefault:SecureJarResource(fallingtrees)]
[31May2025 22:24:56.027] [main/DEBUG] [mixin/]: Processing inject() for PlatformAgent[MixinPlatformAgentDefault:SecureJarResource(pandalib)]
[31May2025 22:24:56.027] [main/DEBUG] [mixin/]: Processing inject() for PlatformAgent[MixinPlatformAgentDefault:SecureJarResource(balm)]
[31May2025 22:24:56.027] [main/DEBUG] [mixin/]: Processing inject() for PlatformAgent[MixinPlatformAgentDefault:SecureJarResource(puzzleslib)]
[31May2025 22:24:56.027] [main/DEBUG] [mixin/]: Processing inject() for PlatformAgent[MixinPlatformAgentDefault:SecureJarResource(carryon)]
[31May2025 22:24:56.027] [main/DEBUG] [mixin/]: Processing inject() for PlatformAgent[MixinPlatformAgentDefault:SecureJarResource(framework)]
[31May2025 22:24:56.027] [main/DEBUG] [mixin/]: Processing inject() for PlatformAgent[MixinPlatformAgentDefault:SecureJarResource(puzzlesaccessapi)]
[31May2025 22:24:56.028] [main/DEBUG] [mixin/]: Processing inject() for PlatformAgent[MixinPlatformAgentDefault:SecureJarResource(cloth_config)]
[31May2025 22:24:56.028] [main/DEBUG] [mixin/]: Processing inject() for PlatformAgent[MixinPlatformAgentDefault:SecureJarResource(voicechat)]
[31May2025 22:24:56.028] [main/DEBUG] [mixin/]: Processing inject() for PlatformAgent[MixinPlatformAgentDefault:SecureJarResource(sound_physics_remastered)]
[31May2025 22:24:56.028] [main/DEBUG] [mixin/]: Processing inject() for PlatformAgent[MixinPlatformAgentDefault:SecureJarResource(forge)]
[31May2025 22:24:56.028] [main/DEBUG] [mixin/]: Processing inject() for PlatformAgent[MixinPlatformAgentDefault:SecureJarResource(aquaculture)]
[31May2025 22:24:56.028] [main/DEBUG] [mixin/]: Processing inject() for PlatformAgent[MixinPlatformAgentDefault:SecureJarResource(simpleradio)]
[31May2025 22:24:56.028] [main/DEBUG] [mixin/]: Processing inject() for PlatformAgent[MixinPlatformAgentDefault:SecureJarResource(scuba_gear)]
[31May2025 22:24:56.028] [main/DEBUG] [mixin/]: Processing inject() for PlatformAgent[MixinPlatformAgentDefault:SecureJarResource(playerrevive)]
[31May2025 22:24:56.028] [main/DEBUG] [mixin/]: Processing inject() for PlatformAgent[MixinPlatformAgentDefault:SecureJarResource(diagonalblocks)]
[31May2025 22:24:56.028] [main/DEBUG] [mixin/]: Processing inject() for PlatformAgent[MixinPlatformAgentDefault:SecureJarResource(mclib)]
[31May2025 22:24:56.028] [main/DEBUG] [mixin/]: Processing inject() for PlatformAgent[MixinPlatformAgentDefault:SecureJarResource(MixinExtras)]
[31May2025 22:24:56.056] [main/DEBUG] [mixin/]: Error cleaning class output directory: .mixin.out
[31May2025 22:24:56.057] [main/DEBUG] [mixin/]: Preparing mixins for MixinEnvironment[PREINIT]
[31May2025 22:24:56.063] [main/INFO] [mixin/]: Successfully loaded Mixin Connector [com.sonicether.soundphysics.MixinConnector]
[31May2025 22:24:56.065] [main/INFO] [cpw.mods.modlauncher.LaunchServiceHandler/MODLAUNCHER]: Launching target 'forgeserver' with arguments [nogui]
[31May2025 22:24:56.348] [main/DEBUG] [mixin/]: Preparing mixins for MixinEnvironment[DEFAULT]
[31May2025 22:24:56.348] [main/DEBUG] [mixin/]: Selecting config betteranimationscollection.common.mixins.json
[31May2025 22:24:56.563] [main/DEBUG] [mixin/]: Selecting config kuma_api.mixins.json
[31May2025 22:24:56.565] [main/DEBUG] [mixin/]: Selecting config kuma_api.forge.mixins.json
[31May2025 22:24:56.566] [main/DEBUG] [mixin/]: Selecting config geckolib.mixins.json
[31May2025 22:24:56.567] [main/DEBUG] [mixin/]: Selecting config playerAnimator-common.mixins.json
[31May2025 22:24:56.570] [main/DEBUG] [mixin/]: Selecting config creativecore.mixins.json
[31May2025 22:24:56.572] [main/DEBUG] [mixin/]: Selecting config creativecore.forge.mixins.json
[31May2025 22:24:56.573] [main/DEBUG] [mixin/]: Selecting config cgm.mixins.json
[31May2025 22:24:56.580] [main/DEBUG] [mixin/]: Selecting config visualworkbench.common.mixins.json
[31May2025 22:24:56.583] [main/DEBUG] [mixin/]: Selecting config waystones.mixins.json
[31May2025 22:24:56.584] [main/DEBUG] [mixin/]: Selecting config lexiconfig.mixins.json
[31May2025 22:24:56.586] [main/DEBUG] [mixin/]: Selecting config lexiconfig.forge.mixins.json
[31May2025 22:24:56.587] [main/DEBUG] [mixin/]: Selecting config mixinextras.init.mixins.json
[31May2025 22:24:56.621] [main/DEBUG] [MixinExtras|Service/]: com.llamalad7.mixinextras.service.MixinExtrasServiceImpl(version=0.4.1) is taking over from null
[31May2025 22:24:56.655] [main/DEBUG] [mixin/]: Registering new injector for @Inject with org.spongepowered.asm.mixin.injection.struct.CallbackInjectionInfo
[31May2025 22:24:56.657] [main/DEBUG] [mixin/]: Registering new injector for @ModifyArg with org.spongepowered.asm.mixin.injection.struct.ModifyArgInjectionInfo
[31May2025 22:24:56.658] [main/DEBUG] [mixin/]: Registering new injector for @ModifyArgs with org.spongepowered.asm.mixin.injection.struct.ModifyArgsInjectionInfo
[31May2025 22:24:56.659] [main/DEBUG] [mixin/]: Registering new injector for @Redirect with org.spongepowered.asm.mixin.injection.struct.RedirectInjectionInfo
[31May2025 22:24:56.660] [main/DEBUG] [mixin/]: Registering new injector for @ModifyVariable with org.spongepowered.asm.mixin.injection.struct.ModifyVariableInjectionInfo
[31May2025 22:24:56.662] [main/DEBUG] [mixin/]: Registering new injector for @ModifyConstant with org.spongepowered.asm.mixin.injection.struct.ModifyConstantInjectionInfo
[31May2025 22:24:56.674] [main/DEBUG] [mixin/]: Selecting config glitchcore.mixins.json
[31May2025 22:24:56.676] [main/DEBUG] [mixin/]: Selecting config glitchcore.forge.mixins.json
[31May2025 22:24:56.677] [main/DEBUG] [mixin/]: Selecting config toughasnails.mixins.json
[31May2025 22:24:56.679] [main/DEBUG] [mixin/]: Selecting config toughasnails.forge.mixins.json
[31May2025 22:24:56.680] [main/DEBUG] [mixin/]: Selecting config cannibal.mixin.json
[31May2025 22:24:56.682] [main/DEBUG] [mixin/]: Selecting config architectury.mixins.json
[31May2025 22:24:56.687] [main/DEBUG] [mixin/]: Selecting config architectury-common.mixins.json
[31May2025 22:24:56.688] [main/DEBUG] [mixin/]: Selecting config fallingtrees-common.mixins.json
[31May2025 22:24:56.690] [main/DEBUG] [mixin/]: Selecting config fallingtrees.mixins.json
[31May2025 22:24:56.692] [main/DEBUG] [mixin/]: Selecting config pandalib-common.mixins.json
[31May2025 22:24:56.694] [main/WARN] [mixin/]: Reference map 'pandalib-common-common-refmap.json' for pandalib-common.mixins.json could not be read. If this is a development environment you can ignore this message
[31May2025 22:24:56.694] [main/DEBUG] [mixin/]: Selecting config pandalib.mixins.json
[31May2025 22:24:56.696] [main/DEBUG] [mixin/]: Selecting config balm.mixins.json
[31May2025 22:24:56.697] [main/DEBUG] [mixin/]: Selecting config puzzleslib.common.mixins.json
[31May2025 22:24:56.729] [main/INFO] [Puzzles Lib/]: Loading 39 mods:
	- aquaculture 2.5.5
	- architectury 9.2.14
	- arphex 4.4.9
	- balm 7.3.27
		\-- kuma_api 20.1.10
	- betteranimationscollection 8.0.0
	- cannibal 1.0.5-1.20.1
	- carryon 2.1.2.7
	- cgm 1.4.18
	- cloth_config 11.1.136
	- creativecore 2.12.32
	- diagonalfences 8.1.5
		\-- diagonalblocks 8.0.6
	- fallingtrees 0.13.2
	- forge 47.3.7
	- framework 0.7.15
	- geckolib 4.7.1.2
	- glitchcore 0.0.1.1
	- gore_edition 0.5..3
	- gravestone 1.20.1-1.0.24
	- jei 15.20.0.106
	- lexiconfig 1.3.11
	- minecraft 1.20.1
	- pandalib 0.5.2
	- playeranimator 1.0.2-rc1+1.20
	- playerrevive 2.0.31
	- puzzleslib 8.1.32
		|-- mixinextras 0.4.1
		\-- puzzlesaccessapi 20.1.1
	- scuba_gear 1.0.6
	- simpleradio 2.4.6.1
	- sophisticatedbackpacks 3.23.14.1233
	- sophisticatedcore 1.2.51.966
	- sound_physics_remastered 1.20.1-1.4.13
	- subnautica_flow 1.3.0
	- toughasnails 9.2.0.171
	- visualworkbench 8.0.0
	- voicechat 1.20.1-2.5.30
	- waystones 14.1.11
[31May2025 22:24:56.731] [main/DEBUG] [mixin/]: Selecting config puzzleslib.forge.mixins.json
[31May2025 22:24:56.734] [main/DEBUG] [mixin/]: Selecting config carryon.mixins.json
[31May2025 22:24:56.737] [main/DEBUG] [mixin/]: Selecting config carryon.forge.mixins.json
[31May2025 22:24:56.739] [main/DEBUG] [mixin/]: Selecting config puzzlesaccessapi.common.mixins.json
[31May2025 22:24:56.741] [main/WARN] [mixin/]: Reference map 'puzzlesaccessapi.common.refmap.json' for puzzlesaccessapi.common.mixins.json could not be read. If this is a development environment you can ignore this message
[31May2025 22:24:56.741] [main/DEBUG] [mixin/]: Selecting config puzzlesaccessapi.forge.mixins.json
[31May2025 22:24:56.742] [main/DEBUG] [mixin/]: Selecting config simpleradio.mixins.json
[31May2025 22:24:56.743] [main/DEBUG] [mixin/]: Selecting config simpleradio.forge.mixins.json
[31May2025 22:24:56.745] [main/DEBUG] [mixin/]: Selecting config scuba_gear.mixins.json
[31May2025 22:24:56.746] [main/DEBUG] [mixin/]: Selecting config playerrevive.mixins.json
[31May2025 22:24:56.746] [main/DEBUG] [mixin/]: Selecting config diagonalblocks.common.mixins.json
[31May2025 22:24:56.749] [main/DEBUG] [mixin/]: Selecting config sound_physics_remastered.mixins.json
[31May2025 22:24:56.750] [main/DEBUG] [mixin/]: Preparing betteranimationscollection.common.mixins.json (11)
[31May2025 22:24:56.750] [main/DEBUG] [mixin/]: Preparing kuma_api.mixins.json (1)
[31May2025 22:24:56.750] [main/DEBUG] [mixin/]: Preparing kuma_api.forge.mixins.json (0)
[31May2025 22:24:56.750] [main/DEBUG] [mixin/]: Preparing geckolib.mixins.json (1)
[31May2025 22:24:56.751] [main/DEBUG] [mixin/]: Preparing playerAnimator-common.mixins.json (14)
[31May2025 22:24:56.751] [main/DEBUG] [mixin/]: Preparing creativecore.mixins.json (8)
[31May2025 22:24:56.795] [main/DEBUG] [mixin/]: Preparing creativecore.forge.mixins.json (3)
[31May2025 22:24:56.800] [main/DEBUG] [mixin/]: Preparing cgm.mixins.json (11)
[31May2025 22:24:56.849] [main/WARN] [mixin/]: Error loading class: xyz/przemyk/simpleplanes/upgrades/shooter/ShooterUpgrade (java.lang.ClassNotFoundException: xyz.przemyk.simpleplanes.upgrades.shooter.ShooterUpgrade)
[31May2025 22:24:56.849] [main/WARN] [mixin/]: @Mixin target xyz.przemyk.simpleplanes.upgrades.shooter.ShooterUpgrade was not found cgm.mixins.json:common.simpleplanes.ShooterUpgradeMixin
[31May2025 22:24:56.849] [main/DEBUG] [mixin/]: Preparing visualworkbench.common.mixins.json (2)
[31May2025 22:24:56.854] [main/DEBUG] [mixin/]: Preparing waystones.mixins.json (3)
[31May2025 22:24:56.862] [main/DEBUG] [mixin/]: Preparing lexiconfig.mixins.json (1)
[31May2025 22:24:56.878] [main/DEBUG] [mixin/]: Preparing lexiconfig.forge.mixins.json (0)
[31May2025 22:24:56.878] [main/DEBUG] [mixin/]: Preparing mixinextras.init.mixins.json (0)
[31May2025 22:24:56.878] [main/DEBUG] [mixin/]: Preparing glitchcore.mixins.json (4)
[31May2025 22:24:56.886] [main/DEBUG] [net.minecraftforge.coremod.transformer.CoreModBaseTransformer/COREMOD]: Transforming net/minecraft/world/item/ItemStack
[31May2025 22:24:56.944] [main/DEBUG] [mixin/]: Preparing glitchcore.forge.mixins.json (7)
[31May2025 22:24:56.964] [main/DEBUG] [mixin/]: Preparing toughasnails.mixins.json (8)
[31May2025 22:24:57.000] [main/DEBUG] [mixin/]: Preparing toughasnails.forge.mixins.json (4)
[31May2025 22:24:57.010] [main/DEBUG] [mixin/]: Preparing cannibal.mixin.json (6)
[31May2025 22:24:57.015] [main/DEBUG] [mixin/]: Preparing architectury.mixins.json (9)
[31May2025 22:24:57.027] [main/DEBUG] [mixin/]: Preparing architectury-common.mixins.json (10)
[31May2025 22:24:57.038] [main/DEBUG] [net.minecraftforge.coremod.transformer.CoreModBaseTransformer/COREMOD]: Transforming net/minecraft/world/item/BucketItem
[31May2025 22:24:57.049] [main/DEBUG] [net.minecraftforge.coremod.transformer.CoreModBaseTransformer/COREMOD]: Transforming net/minecraft/world/entity/EntityType
[31May2025 22:24:57.241] [main/DEBUG] [net.minecraftforge.coremod.transformer.CoreModBaseTransformer/COREMOD]: Transforming net/minecraft/world/level/block/LiquidBlock
[31May2025 22:24:57.258] [main/DEBUG] [mixin/]: Preparing fallingtrees-common.mixins.json (2)
[31May2025 22:24:57.262] [main/DEBUG] [mixin/]: Preparing fallingtrees.mixins.json (0)
[31May2025 22:24:57.263] [main/DEBUG] [mixin/]: Preparing pandalib-common.mixins.json (0)
[31May2025 22:24:57.263] [main/DEBUG] [mixin/]: Preparing pandalib.mixins.json (1)
[31May2025 22:24:57.267] [main/DEBUG] [mixin/]: Preparing balm.mixins.json (16)
[31May2025 22:24:57.306] [main/DEBUG] [mixin/]: Preparing puzzleslib.common.mixins.json (7)
[31May2025 22:24:57.318] [main/DEBUG] [mixin/]: Preparing puzzleslib.forge.mixins.json (13)
[31May2025 22:24:57.338] [main/DEBUG] [mixin/]: Preparing carryon.mixins.json (5)
[31May2025 22:24:57.343] [main/DEBUG] [mixin/]: Preparing carryon.forge.mixins.json (0)
[31May2025 22:24:57.343] [main/DEBUG] [mixin/]: Preparing puzzlesaccessapi.common.mixins.json (0)
[31May2025 22:24:57.343] [main/DEBUG] [mixin/]: Preparing puzzlesaccessapi.forge.mixins.json (0)
[31May2025 22:24:57.343] [main/DEBUG] [mixin/]: Preparing simpleradio.mixins.json (8)
[31May2025 22:24:57.345] [main/DEBUG] [mixin/]: Preparing simpleradio.forge.mixins.json (0)
[31May2025 22:24:57.345] [main/DEBUG] [mixin/]: Preparing scuba_gear.mixins.json (1)
[31May2025 22:24:57.358] [main/DEBUG] [mixin/]: Preparing playerrevive.mixins.json (5)
[31May2025 22:24:57.364] [main/DEBUG] [mixin/]: Preparing diagonalblocks.common.mixins.json (7)
[31May2025 22:24:57.368] [main/DEBUG] [mixin/]: Preparing sound_physics_remastered.mixins.json (11)
[31May2025 22:24:57.404] [main/DEBUG] [mixin/]: Inner class glitchcore/forge/mixin/impl/MixinPacketHandler$1 in glitchcore/forge/mixin/impl/MixinPacketHandler on glitchcore/network/PacketHandler gets unique name glitchcore/network/PacketHandler$Anonymous$2df5f8a3c5db48828d74e47f92be2d81
[31May2025 22:24:57.438] [main/DEBUG] [mixin/]: Prepared 88 mixins in 1.089 sec (12.4ms avg) (0ms load, 0ms transform, 0ms plugin)
[31May2025 22:24:57.450] [main/INFO] [MixinExtras|Service/]: Initializing MixinExtras via com.llamalad7.mixinextras.service.MixinExtrasServiceImpl(version=0.4.1).
[31May2025 22:24:57.452] [main/DEBUG] [mixin/]: Registering new injector for @SugarWrapper with com.llamalad7.mixinextras.sugar.impl.SugarWrapperInjectionInfo
[31May2025 22:24:57.452] [main/DEBUG] [mixin/]: Registering new injector for @FactoryRedirectWrapper with com.llamalad7.mixinextras.wrapper.factory.FactoryRedirectWrapperInjectionInfo
[31May2025 22:24:57.457] [main/DEBUG] [mixin/]: Mixing MixinMinecraftServer from lexiconfig.mixins.json into net.minecraft.server.MinecraftServer
[31May2025 22:24:57.463] [main/DEBUG] [mixin/]: Renaming synthetic method lambda$lexiconfig$reloadResources$0(Ljava/lang/Void;Ljava/lang/Throwable;)Ljava/lang/Void; to md4d2770$lambda$lexiconfig$reloadResources$0$0 in lexiconfig.mixins.json:MixinMinecraftServer
[31May2025 22:24:57.472] [main/DEBUG] [mixin/]: Mixing MinecraftServerMixin from balm.mixins.json into net.minecraft.server.MinecraftServer
[31May2025 22:24:57.472] [main/DEBUG] [mixin/]: Renaming synthetic method lambda$reloadResources$0(Ljava/lang/Void;)V to md4d2770$lambda$reloadResources$0$1 in balm.mixins.json:MinecraftServerMixin
[31May2025 22:24:57.477] [main/DEBUG] [mixin/]: Mixing MixinMinecraftServer from simpleradio.mixins.json into net.minecraft.server.MinecraftServer
[31May2025 22:24:57.562] [main/DEBUG] [io.netty.util.internal.logging.InternalLoggerFactory/]: Using SLF4J as the default logging framework
[31May2025 22:24:57.564] [main/DEBUG] [io.netty.util.ResourceLeakDetector/]: -Dio.netty.leakDetection.level: simple
[31May2025 22:24:57.565] [main/DEBUG] [io.netty.util.ResourceLeakDetector/]: -Dio.netty.leakDetection.targetRecords: 4
[31May2025 22:24:57.705] [main/DEBUG] [oshi.util.FileUtil/]: No oshi.properties file found from ClassLoader cpw.mods.modlauncher.TransformingClassLoader@5edacf20
[31May2025 22:24:57.705] [main/DEBUG] [oshi.util.FileUtil/]: No oshi.properties file found from ClassLoader jdk.internal.loader.ClassLoaders$AppClassLoader@76ed5528
[31May2025 22:24:57.793] [main/DEBUG] [oshi.util.FileUtil/]: Reading file /proc/self/auxv
[31May2025 22:24:57.794] [main/DEBUG] [oshi.util.FileUtil/]: Reading file /proc/self/auxv
[31May2025 22:24:57.797] [main/DEBUG] [oshi.util.FileUtil/]: Reading file /proc/stat
[31May2025 22:24:57.835] [main/DEBUG] [oshi.util.FileUtil/]: Reading file /sys/devices/system/cpu/cpu0/topology/core_id
[31May2025 22:24:57.835] [main/DEBUG] [oshi.util.FileUtil/]: Reading file /sys/devices/system/cpu/cpu0/topology/core_id
[31May2025 22:24:57.835] [main/DEBUG] [oshi.util.FileUtil/]: Reading file /sys/devices/system/cpu/cpu0/topology/physical_package_id
[31May2025 22:24:57.835] [main/DEBUG] [oshi.util.FileUtil/]: Reading file /sys/devices/system/cpu/cpu0/topology/physical_package_id
[31May2025 22:24:57.835] [main/DEBUG] [oshi.util.FileUtil/]: Reading file /sys/devices/system/cpu/cpu0/cpu_capacity
[31May2025 22:24:57.837] [main/DEBUG] [oshi.util.FileUtil/]: Reading file /sys/devices/system/cpu/cpu1/topology/core_id
[31May2025 22:24:57.837] [main/DEBUG] [oshi.util.FileUtil/]: Reading file /sys/devices/system/cpu/cpu1/topology/core_id
[31May2025 22:24:57.837] [main/DEBUG] [oshi.util.FileUtil/]: Reading file /sys/devices/system/cpu/cpu1/topology/physical_package_id
[31May2025 22:24:57.837] [main/DEBUG] [oshi.util.FileUtil/]: Reading file /sys/devices/system/cpu/cpu1/topology/physical_package_id
[31May2025 22:24:57.837] [main/DEBUG] [oshi.util.FileUtil/]: Reading file /sys/devices/system/cpu/cpu1/cpu_capacity
[31May2025 22:24:57.838] [main/DEBUG] [oshi.util.FileUtil/]: Reading file /sys/devices/system/cpu/cpu2/topology/core_id
[31May2025 22:24:57.838] [main/DEBUG] [oshi.util.FileUtil/]: Reading file /sys/devices/system/cpu/cpu2/topology/core_id
[31May2025 22:24:57.838] [main/DEBUG] [oshi.util.FileUtil/]: Reading file /sys/devices/system/cpu/cpu2/topology/physical_package_id
[31May2025 22:24:57.838] [main/DEBUG] [oshi.util.FileUtil/]: Reading file /sys/devices/system/cpu/cpu2/topology/physical_package_id
[31May2025 22:24:57.838] [main/DEBUG] [oshi.util.FileUtil/]: Reading file /sys/devices/system/cpu/cpu2/cpu_capacity
[31May2025 22:24:57.838] [main/DEBUG] [oshi.util.FileUtil/]: Reading file /sys/devices/system/cpu/cpu3/topology/core_id
[31May2025 22:24:57.838] [main/DEBUG] [oshi.util.FileUtil/]: Reading file /sys/devices/system/cpu/cpu3/topology/core_id
[31May2025 22:24:57.838] [main/DEBUG] [oshi.util.FileUtil/]: Reading file /sys/devices/system/cpu/cpu3/topology/physical_package_id
[31May2025 22:24:57.838] [main/DEBUG] [oshi.util.FileUtil/]: Reading file /sys/devices/system/cpu/cpu3/topology/physical_package_id
[31May2025 22:24:57.839] [main/DEBUG] [oshi.util.FileUtil/]: Reading file /sys/devices/system/cpu/cpu3/cpu_capacity
[31May2025 22:24:57.840] [main/DEBUG] [oshi.util.FileUtil/]: Reading file /proc/cpuinfo
[31May2025 22:24:57.852] [main/DEBUG] [oshi.util.FileUtil/]: Reading file /proc/self/auxv
[31May2025 22:24:57.855] [main/DEBUG] [oshi.util.FileUtil/]: No oshi.architecture.properties file found from ClassLoader cpw.mods.modlauncher.TransformingClassLoader@5edacf20
[31May2025 22:24:57.858] [main/DEBUG] [oshi.util.FileUtil/]: No oshi.architecture.properties file found from ClassLoader jdk.internal.loader.ClassLoaders$AppClassLoader@76ed5528
[31May2025 22:24:57.874] [main/DEBUG] [oshi.util.FileUtil/]: Reading file /proc/meminfo
[31May2025 22:24:57.875] [main/DEBUG] [oshi.util.FileUtil/]: Reading file /proc/meminfo
[31May2025 22:24:57.963] [main/DEBUG] [mixin/]: Mixing inject.MixinGameEvent from architectury-common.mixins.json into net.minecraft.world.level.gameevent.GameEvent
[31May2025 22:24:57.972] [main/DEBUG] [mixin/]: Mixing SoundEventMixin from sound_physics_remastered.mixins.json into net.minecraft.sounds.SoundEvent
[31May2025 22:24:58.003] [main/DEBUG] [mixin/]: Mixing accessor.ForgeRegistryForgeAccessor from puzzleslib.forge.mixins.json into net.minecraftforge.registries.ForgeRegistry
[31May2025 22:24:58.025] [main/DEBUG] [mixin/]: Mixing inject.MixinBlock from architectury-common.mixins.json into net.minecraft.world.level.block.Block
[31May2025 22:24:58.026] [main/DEBUG] [mixin/]: Mixing accessor.BlockAccessor from puzzleslib.common.mixins.json into net.minecraft.world.level.block.Block
[31May2025 22:24:58.038] [main/DEBUG] [mixin/]: Mixing BlockBehaviourMixin from fallingtrees-common.mixins.json into net.minecraft.world.level.block.state.BlockBehaviour
[31May2025 22:24:58.075] [main/DEBUG] [mixin/]: Mixing EntityMixin from balm.mixins.json into net.minecraft.world.entity.Entity
[31May2025 22:24:58.081] [main/DEBUG] [mixin/]: Mixing EntityMixin from carryon.mixins.json into net.minecraft.world.entity.Entity
[31May2025 22:24:58.100] [main/DEBUG] [mixin/]: Mixing MixinEntity from simpleradio.mixins.json into net.minecraft.world.entity.Entity
[31May2025 22:24:58.104] [main/DEBUG] [mixin/]: Mixing EntityMixin from sound_physics_remastered.mixins.json into net.minecraft.world.entity.Entity
[31May2025 22:24:58.185] [main/DEBUG] [mixin/]: Mixing MixinLivingEntity from toughasnails.mixins.json into net.minecraft.world.entity.LivingEntity
[31May2025 22:24:58.192] [main/DEBUG] [mixin/]: Mixing common.LivingEntityMixin from cgm.mixins.json into net.minecraft.world.entity.LivingEntity
[31May2025 22:24:58.192] [main/DEBUG] [mixin/]: cgm.mixins.json:common.LivingEntityMixin: Class version 61 required is higher than the class version supported by the current version of Mixin (JAVA_8 supports class version 52)
[31May2025 22:24:58.257] [main/DEBUG] [mixin/]: Mixing MixinServerLevel from glitchcore.mixins.json into net.minecraft.server.level.ServerLevel
[31May2025 22:24:58.263] [main/DEBUG] [mixin/]: Mixing MixinServerLevel from toughasnails.mixins.json into net.minecraft.server.level.ServerLevel
[31May2025 22:24:58.266] [main/DEBUG] [net.minecraftforge.coremod.transformer.CoreModBaseTransformer/COREMOD]: Transforming net/minecraft/world/effect/MobEffectInstance
[31May2025 22:24:58.299] [main/DEBUG] [mixin/]: Mixing MixinPlayer from toughasnails.mixins.json into net.minecraft.world.entity.player.Player
[31May2025 22:24:58.306] [main/DEBUG] [mixin/]: Mixing PlayerMixin from carryon.mixins.json into net.minecraft.world.entity.player.Player
[31May2025 22:24:58.309] [main/DEBUG] [mixin/]: Mixing PlayerMixin from playerrevive.mixins.json into net.minecraft.world.entity.player.Player
[31May2025 22:24:58.351] [main/DEBUG] [mixin/]: Mixing RegistryManagerMixin from pandalib.mixins.json into net.minecraftforge.registries.RegistryManager
[31May2025 22:24:58.371] [main/DEBUG] [mixin/]: Mixing inject.MixinFluid from architectury-common.mixins.json into net.minecraft.world.level.material.Fluid
[31May2025 22:24:58.375] [main/DEBUG] [mixin/]: Mixing MixinItem from toughasnails.mixins.json into net.minecraft.world.item.Item
[31May2025 22:24:58.376] [main/DEBUG] [mixin/]: Mixing ItemMixin from cannibal.mixin.json into net.minecraft.world.item.Item
[31May2025 22:24:58.378] [main/DEBUG] [mixin/]: Mixing inject.MixinItem from architectury-common.mixins.json into net.minecraft.world.item.Item
[31May2025 22:24:58.420] [main/DEBUG] [net.minecraftforge.coremod.transformer.CoreModBaseTransformer/COREMOD]: Transforming net/minecraft/world/entity/EntityType
[31May2025 22:24:58.501] [main/DEBUG] [mixin/]: Mixing inject.MixinEntityType from architectury-common.mixins.json into net.minecraft.world.entity.EntityType
[31May2025 22:24:58.587] [main/DEBUG] [mixin/]: Mixing accessor.FireBlockForgeAccessor from puzzleslib.forge.mixins.json into net.minecraft.world.level.block.FireBlock
[31May2025 22:24:58.613] [main/DEBUG] [mixin/]: Mixing ShapesMixin from creativecore.mixins.json into net.minecraft.world.phys.shapes.Shapes
[31May2025 22:24:58.675] [main/DEBUG] [mixin/]: Mixing VoxelShapeAccessor from creativecore.mixins.json into net.minecraft.world.phys.shapes.VoxelShape
[31May2025 22:24:58.676] [main/DEBUG] [mixin/]: Mixing accessor.VoxelShapeAccessor from diagonalblocks.common.mixins.json into net.minecraft.world.phys.shapes.VoxelShape
[31May2025 22:24:58.822] [main/DEBUG] [net.minecraftforge.coremod.transformer.CoreModBaseTransformer/COREMOD]: Transforming net/minecraft/world/level/block/LiquidBlock
[31May2025 22:24:58.823] [main/DEBUG] [mixin/]: Mixing inject.MixinLiquidBlock from architectury-common.mixins.json into net.minecraft.world.level.block.LiquidBlock
[31May2025 22:24:58.886] [main/DEBUG] [net.minecraftforge.coremod.transformer.CoreModBaseTransformer/COREMOD]: Transforming net/minecraft/world/level/block/StairBlock
[31May2025 22:24:58.905] [main/DEBUG] [mixin/]: Mixing CraftingTableBlockMixin from visualworkbench.common.mixins.json into net.minecraft.world.level.block.CraftingTableBlock
[31May2025 22:24:58.940] [main/DEBUG] [mixin/]: Mixing CropBlockMixin from balm.mixins.json into net.minecraft.world.level.block.CropBlock
[31May2025 22:24:59.000] [main/DEBUG] [mixin/]: Mixing StemBlockMixin from balm.mixins.json into net.minecraft.world.level.block.StemBlock
[31May2025 22:24:59.014] [main/DEBUG] [mixin/]: Mixing common.LayeredCauldronBlockMixin from cgm.mixins.json into net.minecraft.world.level.block.LayeredCauldronBlock
[31May2025 22:24:59.014] [main/DEBUG] [mixin/]: cgm.mixins.json:common.LayeredCauldronBlockMixin: Class version 61 required is higher than the class version supported by the current version of Mixin (JAVA_8 supports class version 52)
[31May2025 22:24:59.026] [main/DEBUG] [mixin/]: Mixing common.EndPortalBlockMixin from cgm.mixins.json into net.minecraft.world.level.block.EndPortalBlock
[31May2025 22:24:59.027] [main/DEBUG] [mixin/]: cgm.mixins.json:common.EndPortalBlockMixin: Class version 61 required is higher than the class version supported by the current version of Mixin (JAVA_8 supports class version 52)
[31May2025 22:24:59.042] [main/DEBUG] [net.minecraftforge.coremod.transformer.CoreModBaseTransformer/COREMOD]: Transforming net/minecraft/world/level/block/FlowerPotBlock
[31May2025 22:24:59.261] [main/DEBUG] [mixin/]: Mixing MixinFallingBlockEntity from architectury.mixins.json into net.minecraft.world.entity.item.FallingBlockEntity
[31May2025 22:24:59.762] [main/DEBUG] [mixin/]: Mixing accessor.AbstractContainerMenuAccessor from puzzleslib.common.mixins.json into net.minecraft.world.inventory.AbstractContainerMenu
[31May2025 22:24:59.767] [main/DEBUG] [mixin/]: Mixing accessor.CraftingMenuAccessor from visualworkbench.common.mixins.json into net.minecraft.world.inventory.CraftingMenu
[31May2025 22:24:59.857] [main/DEBUG] [mixin/]: Mixing MobEntityMixin from scuba_gear.mixins.json into net.minecraft.world.entity.Mob
[31May2025 22:24:59.942] [main/DEBUG] [net.minecraftforge.coremod.transformer.CoreModBaseTransformer/COREMOD]: Transforming net/minecraft/world/item/ItemStack
[31May2025 22:24:59.943] [main/DEBUG] [mixin/]: Mixing MixinItemStack from glitchcore.mixins.json into net.minecraft.world.item.ItemStack
[31May2025 22:25:00.821] [main/DEBUG] [mixin/]: Mixing MixinLightningBolt from architectury-common.mixins.json into net.minecraft.world.entity.LightningBolt
[31May2025 22:25:00.951] [main/DEBUG] [net.minecraftforge.coremod.transformer.CoreModBaseTransformer/COREMOD]: Transforming net/minecraft/world/entity/animal/frog/Tadpole
[31May2025 22:25:00.997] [main/DEBUG] [mixin/]: Mixing accessor.BlockItemAccessor from puzzleslib.common.mixins.json into net.minecraft.world.item.BlockItem
[31May2025 22:25:01.018] [main/DEBUG] [net.minecraftforge.coremod.transformer.CoreModBaseTransformer/COREMOD]: Transforming net/minecraft/world/item/BucketItem
[31May2025 22:25:01.019] [main/DEBUG] [mixin/]: Mixing inject.MixinBucketItem from architectury-common.mixins.json into net.minecraft.world.item.BucketItem
[31May2025 22:25:01.070] [main/DEBUG] [mixin/]: Mixing inject.MixinItemProperties from architectury-common.mixins.json into net.minecraft.world.item.Item$Properties
[31May2025 22:25:01.701] [main/DEBUG] [mixin/]: Mixing MeleeAttackMixin from cannibal.mixin.json into net.minecraft.world.entity.ai.goal.MeleeAttackGoal
[31May2025 22:25:01.737] [main/DEBUG] [net.minecraftforge.coremod.transformer.CoreModBaseTransformer/COREMOD]: Transforming net/minecraft/world/entity/monster/Spider
[31May2025 22:25:01.788] [main/DEBUG] [net.minecraftforge.coremod.transformer.CoreModBaseTransformer/COREMOD]: Transforming net/minecraft/world/entity/monster/Zombie
[31May2025 22:25:01.898] [main/DEBUG] [net.minecraftforge.coremod.transformer.CoreModBaseTransformer/COREMOD]: Transforming net/minecraft/world/entity/monster/ZombieVillager
[31May2025 22:25:01.979] [main/DEBUG] [net.minecraftforge.coremod.transformer.CoreModBaseTransformer/COREMOD]: Transforming net/minecraft/world/entity/monster/Evoker$EvokerSummonSpellGoal
[31May2025 22:25:02.019] [main/DEBUG] [mixin/]: Mixing RangedBowAttackMixin from cannibal.mixin.json into net.minecraft.world.entity.ai.goal.RangedBowAttackGoal
[31May2025 22:25:02.091] [main/DEBUG] [net.minecraftforge.coremod.transformer.CoreModBaseTransformer/COREMOD]: Transforming net/minecraft/world/entity/animal/horse/SkeletonTrapGoal
[31May2025 22:25:02.107] [main/DEBUG] [net.minecraftforge.coremod.transformer.CoreModBaseTransformer/COREMOD]: Transforming net/minecraft/world/entity/monster/Strider
[31May2025 22:25:02.159] [main/DEBUG] [mixin/]: Mixing MixinServerPlayer from glitchcore.forge.mixins.json into net.minecraft.server.level.ServerPlayer
[31May2025 22:25:02.159] [main/DEBUG] [mixin/]: Mixing MixinServerPlayer from toughasnails.mixins.json into net.minecraft.server.level.ServerPlayer
[31May2025 22:25:02.161] [main/DEBUG] [mixin/]: Mixing ServerPlayerMixin from playerrevive.mixins.json into net.minecraft.server.level.ServerPlayer
[31May2025 22:25:02.204] [main/DEBUG] [net.minecraftforge.coremod.transformer.CoreModBaseTransformer/COREMOD]: Transforming net/minecraft/world/entity/npc/Villager
[31May2025 22:25:02.267] [main/DEBUG] [mixin/]: Mixing AbstractVillagerMixin from cannibal.mixin.json into net.minecraft.world.entity.npc.AbstractVillager
[31May2025 22:25:02.304] [main/DEBUG] [mixin/]: Mixing inject.MixinFoodPropertiesBuilder from architectury-common.mixins.json into net.minecraft.world.food.FoodProperties$Builder
[31May2025 22:25:02.306] [main/DEBUG] [net.minecraftforge.coremod.transformer.CoreModBaseTransformer/COREMOD]: Transforming net/minecraft/world/effect/MobEffectInstance
[31May2025 22:25:02.337] [main/DEBUG] [mixin/]: Mixing accessor.PotionBrewingForgeAccessor from puzzleslib.forge.mixins.json into net.minecraft.world.item.alchemy.PotionBrewing
[31May2025 22:25:02.337] [main/DEBUG] [mixin/]: Renaming @Accessor method puzzleslib$getPotionMixes()Ljava/util/List; to puzzleslib$getPotionMixes_$md$4d2770$0 in puzzleslib.forge.mixins.json:accessor.PotionBrewingForgeAccessor
[31May2025 22:25:02.337] [main/DEBUG] [mixin/]: Renaming @Accessor method puzzleslib$getContainerMixes()Ljava/util/List; to puzzleslib$getContainerMixes_$md$4d2770$1 in puzzleslib.forge.mixins.json:accessor.PotionBrewingForgeAccessor
[31May2025 22:25:02.337] [main/DEBUG] [mixin/]: Renaming @Accessor method puzzleslib$getAllowedContainers()Ljava/util/List; to puzzleslib$getAllowedContainers_$md$4d2770$2 in puzzleslib.forge.mixins.json:accessor.PotionBrewingForgeAccessor
[31May2025 22:25:02.497] [main/DEBUG] [mixin/]: Mixing InventoryMixin from carryon.mixins.json into net.minecraft.world.entity.player.Inventory
[31May2025 22:25:02.537] [main/DEBUG] [mixin/]: Mixing accessor.SimpleContainerAccessor from puzzleslib.common.mixins.json into net.minecraft.world.SimpleContainer
[31May2025 22:25:02.540] [main/DEBUG] [mixin/]: Mixing SlotAccessor from balm.mixins.json into net.minecraft.world.inventory.Slot
[31May2025 22:25:02.973] [main/DEBUG] [net.minecraftforge.coremod.transformer.CoreModBaseTransformer/COREMOD]: Transforming net/minecraft/world/level/levelgen/structure/Structure
[31May2025 22:25:03.053] [main/DEBUG] [net.minecraftforge.coremod.transformer.CoreModBaseTransformer/COREMOD]: Transforming net/minecraft/world/level/levelgen/structure/structures/OceanRuinPieces$OceanRuinPiece
[31May2025 22:25:03.078] [main/DEBUG] [net.minecraftforge.coremod.transformer.CoreModBaseTransformer/COREMOD]: Transforming net/minecraft/world/level/levelgen/structure/structures/SwampHutPiece
[31May2025 22:25:03.096] [main/DEBUG] [net.minecraftforge.coremod.transformer.CoreModBaseTransformer/COREMOD]: Transforming net/minecraft/world/level/levelgen/structure/structures/OceanMonumentPieces$OceanMonumentPiece
[31May2025 22:25:03.125] [main/DEBUG] [net.minecraftforge.coremod.transformer.CoreModBaseTransformer/COREMOD]: Transforming net/minecraft/world/level/levelgen/structure/structures/WoodlandMansionPieces$WoodlandMansionPiece
[31May2025 22:25:03.158] [main/DEBUG] [mixin/]: Mixing StructureTemplatePoolAccessor from waystones.mixins.json into net.minecraft.world.level.levelgen.structure.pools.StructureTemplatePool
[31May2025 22:25:03.227] [main/DEBUG] [net.minecraftforge.coremod.transformer.CoreModBaseTransformer/COREMOD]: Transforming net/minecraft/world/level/biome/Biome
[31May2025 22:25:03.252] [main/DEBUG] [mixin/]: Mixing accessor.MobSpawnSettingsBuilderForgeAccessor from puzzleslib.forge.mixins.json into net.minecraft.world.level.biome.MobSpawnSettings$Builder
[31May2025 22:25:03.349] [main/DEBUG] [mixin/]: Mixing SinglePoolElementMixin from waystones.mixins.json into net.minecraft.world.level.levelgen.structure.pools.SinglePoolElement
[31May2025 22:25:03.350] [main/DEBUG] [mixin/]: Renaming synthetic method lambda$waystones$isWaystone$1(Lnet/minecraft/world/level/levelgen/structure/templatesystem/StructureTemplate;)V to md4d2770$lambda$waystones$isWaystone$1$0 in waystones.mixins.json:SinglePoolElementMixin
[31May2025 22:25:03.350] [main/DEBUG] [mixin/]: Renaming synthetic method lambda$waystones$isWaystone$0(Lnet/minecraft/resources/ResourceLocation;)V to md4d2770$lambda$waystones$isWaystone$0$1 in waystones.mixins.json:SinglePoolElementMixin
[31May2025 22:25:03.355] [main/DEBUG] [net.minecraftforge.coremod.transformer.CoreModBaseTransformer/COREMOD]: Transforming net/minecraft/world/level/levelgen/structure/templatesystem/StructureTemplate
[31May2025 22:25:03.564] [main/DEBUG] [net.minecraftforge.common.ForgeI18n/CORE]: Loading I18N data entries: 6430
[31May2025 22:25:03.580] [main/DEBUG] [net.minecraftforge.fml.ModWorkManager/LOADING]: Using 4 threads for parallel mod-loading
[31May2025 22:25:03.585] [main/DEBUG] [net.minecraftforge.fml.javafmlmod.FMLJavaModLanguageProvider/LOADING]: Loading FMLModContainer from classloader cpw.mods.modlauncher.TransformingClassLoader@5edacf20 - got cpw.mods.cl.ModuleClassLoader@488b50ec
[31May2025 22:25:03.585] [main/DEBUG] [net.minecraftforge.fml.javafmlmod.FMLModContainer/LOADING]: Creating FMLModContainer instance for fuzs.betteranimationscollection.BetterAnimationsCollectionForge
[31May2025 22:25:03.589] [main/DEBUG] [net.minecraftforge.fml.javafmlmod.FMLJavaModLanguageProvider/LOADING]: Loading FMLModContainer from classloader cpw.mods.modlauncher.TransformingClassLoader@5edacf20 - got cpw.mods.cl.ModuleClassLoader@488b50ec
[31May2025 22:25:03.589] [main/DEBUG] [net.minecraftforge.fml.javafmlmod.FMLModContainer/LOADING]: Creating FMLModContainer instance for net.mcreator.subnauticaflow.SubnauticaFlowMod
[31May2025 22:25:03.590] [main/DEBUG] [net.minecraftforge.fml.javafmlmod.FMLJavaModLanguageProvider/LOADING]: Loading FMLModContainer from classloader cpw.mods.modlauncher.TransformingClassLoader@5edacf20 - got cpw.mods.cl.ModuleClassLoader@488b50ec
[31May2025 22:25:03.590] [main/DEBUG] [net.minecraftforge.fml.javafmlmod.FMLModContainer/LOADING]: Creating FMLModContainer instance for net.blay09.mods.kuma.forge.ForgeKumaAPI
[31May2025 22:25:03.590] [main/DEBUG] [net.minecraftforge.fml.javafmlmod.FMLJavaModLanguageProvider/LOADING]: Loading FMLModContainer from classloader cpw.mods.modlauncher.TransformingClassLoader@5edacf20 - got cpw.mods.cl.ModuleClassLoader@488b50ec
[31May2025 22:25:03.590] [main/DEBUG] [net.minecraftforge.fml.javafmlmod.FMLModContainer/LOADING]: Creating FMLModContainer instance for net.mcreator.gore.GoreEditionMod
[31May2025 22:25:03.591] [main/DEBUG] [net.minecraftforge.fml.javafmlmod.FMLJavaModLanguageProvider/LOADING]: Loading FMLModContainer from classloader cpw.mods.modlauncher.TransformingClassLoader@5edacf20 - got cpw.mods.cl.ModuleClassLoader@488b50ec
[31May2025 22:25:03.591] [main/DEBUG] [net.minecraftforge.fml.javafmlmod.FMLModContainer/LOADING]: Creating FMLModContainer instance for software.bernie.example.GeckoLibMod
[31May2025 22:25:03.591] [main/DEBUG] [net.minecraftforge.fml.javafmlmod.FMLJavaModLanguageProvider/LOADING]: Loading FMLModContainer from classloader cpw.mods.modlauncher.TransformingClassLoader@5edacf20 - got cpw.mods.cl.ModuleClassLoader@488b50ec
[31May2025 22:25:03.591] [main/DEBUG] [net.minecraftforge.fml.javafmlmod.FMLModContainer/LOADING]: Creating FMLModContainer instance for dev.kosmx.playerAnim.forge.ForgeModInterface
[31May2025 22:25:03.591] [main/DEBUG] [net.minecraftforge.fml.javafmlmod.FMLJavaModLanguageProvider/LOADING]: Loading FMLModContainer from classloader cpw.mods.modlauncher.TransformingClassLoader@5edacf20 - got cpw.mods.cl.ModuleClassLoader@488b50ec
[31May2025 22:25:03.592] [main/DEBUG] [net.minecraftforge.fml.javafmlmod.FMLModContainer/LOADING]: Creating FMLModContainer instance for team.creative.creativecore.CreativeCore
[31May2025 22:25:03.592] [main/DEBUG] [net.minecraftforge.fml.javafmlmod.FMLJavaModLanguageProvider/LOADING]: Loading FMLModContainer from classloader cpw.mods.modlauncher.TransformingClassLoader@5edacf20 - got cpw.mods.cl.ModuleClassLoader@488b50ec
[31May2025 22:25:03.592] [main/DEBUG] [net.minecraftforge.fml.javafmlmod.FMLModContainer/LOADING]: Creating FMLModContainer instance for mezz.jei.forge.JustEnoughItems
[31May2025 22:25:03.593] [main/DEBUG] [net.minecraftforge.fml.javafmlmod.FMLJavaModLanguageProvider/LOADING]: Loading FMLModContainer from classloader cpw.mods.modlauncher.TransformingClassLoader@5edacf20 - got cpw.mods.cl.ModuleClassLoader@488b50ec
[31May2025 22:25:03.593] [main/DEBUG] [net.minecraftforge.fml.javafmlmod.FMLModContainer/LOADING]: Creating FMLModContainer instance for com.mrcrayfish.guns.GunMod
[31May2025 22:25:03.594] [main/DEBUG] [net.minecraftforge.fml.javafmlmod.FMLJavaModLanguageProvider/LOADING]: Loading FMLModContainer from classloader cpw.mods.modlauncher.TransformingClassLoader@5edacf20 - got cpw.mods.cl.ModuleClassLoader@488b50ec
[31May2025 22:25:03.594] [main/DEBUG] [net.minecraftforge.fml.javafmlmod.FMLModContainer/LOADING]: Creating FMLModContainer instance for fuzs.visualworkbench.VisualWorkbenchForge
[31May2025 22:25:03.594] [main/DEBUG] [net.minecraftforge.fml.javafmlmod.FMLJavaModLanguageProvider/LOADING]: Loading FMLModContainer from classloader cpw.mods.modlauncher.TransformingClassLoader@5edacf20 - got cpw.mods.cl.ModuleClassLoader@488b50ec
[31May2025 22:25:03.594] [main/DEBUG] [net.minecraftforge.fml.javafmlmod.FMLModContainer/LOADING]: Creating FMLModContainer instance for net.p3pp3rf1y.sophisticatedcore.SophisticatedCore
[31May2025 22:25:03.595] [main/DEBUG] [net.minecraftforge.fml.javafmlmod.FMLJavaModLanguageProvider/LOADING]: Loading FMLModContainer from classloader cpw.mods.modlauncher.TransformingClassLoader@5edacf20 - got cpw.mods.cl.ModuleClassLoader@488b50ec
[31May2025 22:25:03.595] [main/DEBUG] [net.minecraftforge.fml.javafmlmod.FMLModContainer/LOADING]: Creating FMLModContainer instance for net.blay09.mods.waystones.ForgeWaystones
[31May2025 22:25:03.595] [main/DEBUG] [net.minecraftforge.fml.javafmlmod.FMLJavaModLanguageProvider/LOADING]: Loading FMLModContainer from classloader cpw.mods.modlauncher.TransformingClassLoader@5edacf20 - got cpw.mods.cl.ModuleClassLoader@488b50ec
[31May2025 22:25:03.595] [main/DEBUG] [net.minecraftforge.fml.javafmlmod.FMLModContainer/LOADING]: Creating FMLModContainer instance for com.codinglitch.lexiconfig.ForgeLexiconfig
[31May2025 22:25:03.596] [main/DEBUG] [net.minecraftforge.fml.javafmlmod.FMLJavaModLanguageProvider/LOADING]: Loading FMLModContainer from classloader cpw.mods.modlauncher.TransformingClassLoader@5edacf20 - got cpw.mods.cl.ModuleClassLoader@488b50ec
[31May2025 22:25:03.596] [main/DEBUG] [net.minecraftforge.fml.javafmlmod.FMLModContainer/LOADING]: Creating FMLModContainer instance for de.maxhenkel.gravestone.Main
[31May2025 22:25:03.597] [main/DEBUG] [net.minecraftforge.fml.javafmlmod.FMLJavaModLanguageProvider/LOADING]: Loading FMLModContainer from classloader cpw.mods.modlauncher.TransformingClassLoader@5edacf20 - got cpw.mods.cl.ModuleClassLoader@488b50ec
[31May2025 22:25:03.597] [main/DEBUG] [net.minecraftforge.fml.javafmlmod.FMLModContainer/LOADING]: Creating FMLModContainer instance for net.arphex.ArphexMod
[31May2025 22:25:03.597] [main/DEBUG] [net.minecraftforge.fml.javafmlmod.FMLJavaModLanguageProvider/LOADING]: Loading FMLModContainer from classloader cpw.mods.modlauncher.TransformingClassLoader@5edacf20 - got cpw.mods.cl.ModuleClassLoader@488b50ec
[31May2025 22:25:03.597] [main/DEBUG] [net.minecraftforge.fml.javafmlmod.FMLModContainer/LOADING]: Creating FMLModContainer instance for fuzs.diagonalfences.DiagonalFencesForge
[31May2025 22:25:03.598] [main/DEBUG] [net.minecraftforge.fml.javafmlmod.FMLJavaModLanguageProvider/LOADING]: Loading FMLModContainer from classloader cpw.mods.modlauncher.TransformingClassLoader@5edacf20 - got cpw.mods.cl.ModuleClassLoader@488b50ec
[31May2025 22:25:03.598] [main/DEBUG] [net.minecraftforge.fml.javafmlmod.FMLModContainer/LOADING]: Creating FMLModContainer instance for com.llamalad7.mixinextras.platform.forge.MixinExtrasMod
[31May2025 22:25:03.598] [main/DEBUG] [net.minecraftforge.fml.javafmlmod.FMLJavaModLanguageProvider/LOADING]: Loading FMLModContainer from classloader cpw.mods.modlauncher.TransformingClassLoader@5edacf20 - got cpw.mods.cl.ModuleClassLoader@488b50ec
[31May2025 22:25:03.598] [main/DEBUG] [net.minecraftforge.fml.javafmlmod.FMLModContainer/LOADING]: Creating FMLModContainer instance for glitchcore.forge.GlitchCoreForge
[31May2025 22:25:03.599] [main/DEBUG] [net.minecraftforge.fml.javafmlmod.FMLJavaModLanguageProvider/LOADING]: Loading FMLModContainer from classloader cpw.mods.modlauncher.TransformingClassLoader@5edacf20 - got cpw.mods.cl.ModuleClassLoader@488b50ec
[31May2025 22:25:03.599] [main/DEBUG] [net.minecraftforge.fml.javafmlmod.FMLModContainer/LOADING]: Creating FMLModContainer instance for toughasnails.forge.core.ToughAsNailsForge
[31May2025 22:25:03.599] [main/DEBUG] [net.minecraftforge.fml.javafmlmod.FMLJavaModLanguageProvider/LOADING]: Loading FMLModContainer from classloader cpw.mods.modlauncher.TransformingClassLoader@5edacf20 - got cpw.mods.cl.ModuleClassLoader@488b50ec
[31May2025 22:25:03.599] [main/DEBUG] [net.minecraftforge.fml.javafmlmod.FMLModContainer/LOADING]: Creating FMLModContainer instance for net.p3pp3rf1y.sophisticatedbackpacks.SophisticatedBackpacks
[31May2025 22:25:03.600] [main/DEBUG] [net.minecraftforge.fml.javafmlmod.FMLJavaModLanguageProvider/LOADING]: Loading FMLModContainer from classloader cpw.mods.modlauncher.TransformingClassLoader@5edacf20 - got cpw.mods.cl.ModuleClassLoader@488b50ec
[31May2025 22:25:03.600] [main/DEBUG] [net.minecraftforge.fml.javafmlmod.FMLModContainer/LOADING]: Creating FMLModContainer instance for net.clockwork.cannibal.Clockwork
[31May2025 22:25:03.600] [main/DEBUG] [net.minecraftforge.fml.javafmlmod.FMLJavaModLanguageProvider/LOADING]: Loading FMLModContainer from classloader cpw.mods.modlauncher.TransformingClassLoader@5edacf20 - got cpw.mods.cl.ModuleClassLoader@488b50ec
[31May2025 22:25:03.600] [main/DEBUG] [net.minecraftforge.fml.javafmlmod.FMLModContainer/LOADING]: Creating FMLModContainer instance for dev.architectury.forge.ArchitecturyForge
[31May2025 22:25:03.601] [main/DEBUG] [net.minecraftforge.fml.javafmlmod.FMLJavaModLanguageProvider/LOADING]: Loading FMLModContainer from classloader cpw.mods.modlauncher.TransformingClassLoader@5edacf20 - got cpw.mods.cl.ModuleClassLoader@488b50ec
[31May2025 22:25:03.601] [main/DEBUG] [net.minecraftforge.fml.javafmlmod.FMLModContainer/LOADING]: Creating FMLModContainer instance for me.pandamods.fallingtrees.forge.FallingTreesForge
[31May2025 22:25:03.601] [main/DEBUG] [net.minecraftforge.fml.javafmlmod.FMLJavaModLanguageProvider/LOADING]: Loading FMLModContainer from classloader cpw.mods.modlauncher.TransformingClassLoader@5edacf20 - got cpw.mods.cl.ModuleClassLoader@488b50ec
[31May2025 22:25:03.601] [main/DEBUG] [net.minecraftforge.fml.javafmlmod.FMLModContainer/LOADING]: Creating FMLModContainer instance for me.pandamods.pandalib.forge.PandaLibForge
[31May2025 22:25:03.602] [main/DEBUG] [net.minecraftforge.fml.javafmlmod.FMLJavaModLanguageProvider/LOADING]: Loading FMLModContainer from classloader cpw.mods.modlauncher.TransformingClassLoader@5edacf20 - got cpw.mods.cl.ModuleClassLoader@488b50ec
[31May2025 22:25:03.602] [main/DEBUG] [net.minecraftforge.fml.javafmlmod.FMLModContainer/LOADING]: Creating FMLModContainer instance for net.blay09.mods.balm.forge.ForgeBalm
[31May2025 22:25:03.602] [main/DEBUG] [net.minecraftforge.fml.javafmlmod.FMLJavaModLanguageProvider/LOADING]: Loading FMLModContainer from classloader cpw.mods.modlauncher.TransformingClassLoader@5edacf20 - got cpw.mods.cl.ModuleClassLoader@488b50ec
[31May2025 22:25:03.602] [main/DEBUG] [net.minecraftforge.fml.javafmlmod.FMLModContainer/LOADING]: Creating FMLModContainer instance for fuzs.puzzleslib.impl.PuzzlesLibForge
[31May2025 22:25:03.602] [main/DEBUG] [net.minecraftforge.fml.javafmlmod.FMLJavaModLanguageProvider/LOADING]: Loading FMLModContainer from classloader cpw.mods.modlauncher.TransformingClassLoader@5edacf20 - got cpw.mods.cl.ModuleClassLoader@488b50ec
[31May2025 22:25:03.603] [main/DEBUG] [net.minecraftforge.fml.javafmlmod.FMLModContainer/LOADING]: Creating FMLModContainer instance for tschipp.carryon.CarryOnForge
[31May2025 22:25:03.603] [main/DEBUG] [net.minecraftforge.fml.javafmlmod.FMLJavaModLanguageProvider/LOADING]: Loading FMLModContainer from classloader cpw.mods.modlauncher.TransformingClassLoader@5edacf20 - got cpw.mods.cl.ModuleClassLoader@488b50ec
[31May2025 22:25:03.603] [main/DEBUG] [net.minecraftforge.fml.javafmlmod.FMLModContainer/LOADING]: Creating FMLModContainer instance for com.mrcrayfish.framework.FrameworkForge
[31May2025 22:25:03.603] [main/DEBUG] [net.minecraftforge.fml.javafmlmod.FMLJavaModLanguageProvider/LOADING]: Loading FMLModContainer from classloader cpw.mods.modlauncher.TransformingClassLoader@5edacf20 - got cpw.mods.cl.ModuleClassLoader@488b50ec
[31May2025 22:25:03.603] [main/DEBUG] [net.minecraftforge.fml.javafmlmod.FMLModContainer/LOADING]: Creating FMLModContainer instance for fuzs.puzzlesaccessapi.forge.PuzzlesAccessApiForge
[31May2025 22:25:03.604] [main/DEBUG] [net.minecraftforge.fml.javafmlmod.FMLJavaModLanguageProvider/LOADING]: Loading FMLModContainer from classloader cpw.mods.modlauncher.TransformingClassLoader@5edacf20 - got cpw.mods.cl.ModuleClassLoader@488b50ec
[31May2025 22:25:03.604] [main/DEBUG] [net.minecraftforge.fml.javafmlmod.FMLModContainer/LOADING]: Creating FMLModContainer instance for me.shedaniel.clothconfig.ClothConfigForge
[31May2025 22:25:03.604] [main/DEBUG] [net.minecraftforge.fml.javafmlmod.FMLJavaModLanguageProvider/LOADING]: Loading FMLModContainer from classloader cpw.mods.modlauncher.TransformingClassLoader@5edacf20 - got cpw.mods.cl.ModuleClassLoader@488b50ec
[31May2025 22:25:03.604] [main/DEBUG] [net.minecraftforge.fml.javafmlmod.FMLModContainer/LOADING]: Creating FMLModContainer instance for de.maxhenkel.voicechat.ForgeVoicechatMod
[31May2025 22:25:03.605] [main/DEBUG] [net.minecraftforge.fml.javafmlmod.FMLJavaModLanguageProvider/LOADING]: Loading FMLModContainer from classloader cpw.mods.modlauncher.TransformingClassLoader@5edacf20 - got cpw.mods.cl.ModuleClassLoader@488b50ec
[31May2025 22:25:03.605] [main/DEBUG] [net.minecraftforge.fml.javafmlmod.FMLModContainer/LOADING]: Creating FMLModContainer instance for com.sonicether.soundphysics.ForgeSoundPhysicsMod
[31May2025 22:25:03.605] [main/DEBUG] [net.minecraftforge.fml.javafmlmod.FMLJavaModLanguageProvider/LOADING]: Loading FMLModContainer from classloader cpw.mods.modlauncher.TransformingClassLoader@5edacf20 - got cpw.mods.cl.ModuleClassLoader@488b50ec
[31May2025 22:25:03.606] [main/DEBUG] [net.minecraftforge.fml.javafmlmod.FMLModContainer/LOADING]: Creating FMLModContainer instance for net.minecraftforge.common.ForgeMod
[31May2025 22:25:03.607] [main/DEBUG] [net.minecraftforge.fml.javafmlmod.FMLJavaModLanguageProvider/LOADING]: Loading FMLModContainer from classloader cpw.mods.modlauncher.TransformingClassLoader@5edacf20 - got cpw.mods.cl.ModuleClassLoader@488b50ec
[31May2025 22:25:03.607] [main/DEBUG] [net.minecraftforge.fml.javafmlmod.FMLModContainer/LOADING]: Creating FMLModContainer instance for com.teammetallurgy.aquaculture.Aquaculture
[31May2025 22:25:03.608] [main/DEBUG] [net.minecraftforge.fml.javafmlmod.FMLJavaModLanguageProvider/LOADING]: Loading FMLModContainer from classloader cpw.mods.modlauncher.TransformingClassLoader@5edacf20 - got cpw.mods.cl.ModuleClassLoader@488b50ec
[31May2025 22:25:03.608] [main/DEBUG] [net.minecraftforge.fml.javafmlmod.FMLModContainer/LOADING]: Creating FMLModContainer instance for com.codinglitch.simpleradio.SimpleRadio
[31May2025 22:25:03.609] [main/DEBUG] [net.minecraftforge.fml.javafmlmod.FMLJavaModLanguageProvider/LOADING]: Loading FMLModContainer from classloader cpw.mods.modlauncher.TransformingClassLoader@5edacf20 - got cpw.mods.cl.ModuleClassLoader@488b50ec
[31May2025 22:25:03.609] [main/DEBUG] [net.minecraftforge.fml.javafmlmod.FMLModContainer/LOADING]: Creating FMLModContainer instance for com.legacy.scuba_gear.ScubaGearMod
[31May2025 22:25:03.609] [main/DEBUG] [net.minecraftforge.fml.javafmlmod.FMLJavaModLanguageProvider/LOADING]: Loading FMLModContainer from classloader cpw.mods.modlauncher.TransformingClassLoader@5edacf20 - got cpw.mods.cl.ModuleClassLoader@488b50ec
[31May2025 22:25:03.609] [main/DEBUG] [net.minecraftforge.fml.javafmlmod.FMLModContainer/LOADING]: Creating FMLModContainer instance for team.creative.playerrevive.PlayerRevive
[31May2025 22:25:03.610] [main/DEBUG] [net.minecraftforge.fml.javafmlmod.FMLJavaModLanguageProvider/LOADING]: Loading FMLModContainer from classloader cpw.mods.modlauncher.TransformingClassLoader@5edacf20 - got cpw.mods.cl.ModuleClassLoader@488b50ec
[31May2025 22:25:03.610] [main/DEBUG] [net.minecraftforge.fml.javafmlmod.FMLModContainer/LOADING]: Creating FMLModContainer instance for fuzs.diagonalblocks.DiagonalBlocksForge
[31May2025 22:25:03.622] [modloading-worker-0/DEBUG] [net.minecraftforge.fml.javafmlmod.AutomaticEventSubscriber/LOADING]: Attempting to inject @EventBusSubscriber classes into the eventbus for betteranimationscollection
[31May2025 22:25:03.626] [modloading-worker-0/DEBUG] [net.minecraftforge.fml.javafmlmod.AutomaticEventSubscriber/LOADING]: Auto-subscribing fuzs.betteranimationscollection.BetterAnimationsCollectionForge to MOD
[31May2025 22:25:03.626] [modloading-worker-0/DEBUG] [net.minecraftforge.fml.javafmlmod.AutomaticEventSubscriber/LOADING]: Attempting to inject @EventBusSubscriber classes into the eventbus for kuma_api
[31May2025 22:25:03.660] [modloading-worker-0/INFO] [Puzzles Lib/]: Constructing common components for betteranimationscollection:main
[31May2025 22:25:03.678] [modloading-worker-0/DEBUG] [net.minecraftforge.fml.javafmlmod.AutomaticEventSubscriber/LOADING]: Attempting to inject @EventBusSubscriber classes into the eventbus for geckolib
[31May2025 22:25:03.678] [modloading-worker-0/DEBUG] [net.minecraftforge.fml.javafmlmod.AutomaticEventSubscriber/LOADING]: Auto-subscribing software.bernie.example.GeckoLibMod to FORGE
[31May2025 22:25:03.678] [modloading-worker-0/DEBUG] [net.minecraftforge.fml.javafmlmod.AutomaticEventSubscriber/LOADING]: Auto-subscribing software.bernie.example.CommonListener to MOD
[31May2025 22:25:03.686] [modloading-worker-0/DEBUG] [net.minecraftforge.fml.javafmlmod.AutomaticEventSubscriber/LOADING]: Attempting to inject @EventBusSubscriber classes into the eventbus for playeranimator
[31May2025 22:25:03.715] [modloading-worker-0/DEBUG] [mixin/]: Mixing ReloadableServerResourcesMixin from balm.mixins.json into net.minecraft.server.ReloadableServerResources
[31May2025 22:25:03.716] [modloading-worker-0/DEBUG] [mixin/]: Renaming synthetic method lambda$loadResources$0(Lnet/minecraft/server/ReloadableServerResources;)V to md4d2770$lambda$loadResources$0$0 in balm.mixins.json:ReloadableServerResourcesMixin
[31May2025 22:25:03.779] [modloading-worker-0/DEBUG] [net.minecraftforge.fml.config.ConfigTracker/CONFIG]: Config file jei-server.toml for jei tracking
[31May2025 22:25:03.795] [modloading-worker-0/DEBUG] [net.minecraftforge.fml.javafmlmod.AutomaticEventSubscriber/LOADING]: Attempting to inject @EventBusSubscriber classes into the eventbus for jei
[31May2025 22:25:03.834] [modloading-worker-0/DEBUG] [creativecore/]: Created network creativecore:main
[31May2025 22:25:03.842] [modloading-worker-0/DEBUG] [net.minecraftforge.fml.javafmlmod.AutomaticEventSubscriber/LOADING]: Attempting to inject @EventBusSubscriber classes into the eventbus for creativecore
[31May2025 22:25:03.845] [modloading-worker-0/DEBUG] [net.minecraftforge.fml.javafmlmod.AutomaticEventSubscriber/LOADING]: Attempting to inject @EventBusSubscriber classes into the eventbus for visualworkbench
[31May2025 22:25:03.845] [modloading-worker-0/DEBUG] [net.minecraftforge.fml.javafmlmod.AutomaticEventSubscriber/LOADING]: Auto-subscribing fuzs.visualworkbench.VisualWorkbenchForge to MOD
[31May2025 22:25:03.847] [modloading-worker-0/INFO] [Puzzles Lib/]: Constructing common components for visualworkbench:main
[31May2025 22:25:03.870] [modloading-worker-0/DEBUG] [net.minecraftforge.fml.config.ConfigTracker/CONFIG]: Config file cgm-client.toml for cgm tracking
[31May2025 22:25:03.873] [modloading-worker-0/DEBUG] [net.minecraftforge.fml.config.ConfigTracker/CONFIG]: Config file cgm-common.toml for cgm tracking
[31May2025 22:25:03.873] [modloading-worker-0/DEBUG] [net.minecraftforge.fml.config.ConfigTracker/CONFIG]: Config file cgm-server.toml for cgm tracking
[31May2025 22:25:03.882] [modloading-worker-0/DEBUG] [net.minecraftforge.fml.javafmlmod.AutomaticEventSubscriber/LOADING]: Attempting to inject @EventBusSubscriber classes into the eventbus for gore_edition
[31May2025 22:25:03.883] [modloading-worker-0/DEBUG] [net.minecraftforge.fml.javafmlmod.AutomaticEventSubscriber/LOADING]: Auto-subscribing net.mcreator.gore.procedures.WhenEntityIsHurtGoreProcedure to FORGE
[31May2025 22:25:03.887] [modloading-worker-0/DEBUG] [net.minecraftforge.fml.javafmlmod.AutomaticEventSubscriber/LOADING]: Auto-subscribing net.mcreator.gore.procedures.WhenEntityIsExplodedProcedure to FORGE
[31May2025 22:25:03.891] [modloading-worker-0/DEBUG] [net.minecraftforge.fml.javafmlmod.AutomaticEventSubscriber/LOADING]: Auto-subscribing net.mcreator.gore.procedures.WhenEntityDeathModeSelectorProcedure to FORGE
[31May2025 22:25:03.892] [modloading-worker-0/DEBUG] [net.minecraftforge.fml.javafmlmod.AutomaticEventSubscriber/LOADING]: Auto-subscribing net.mcreator.gore.procedures.ToughnessSpawningProcedure to FORGE
[31May2025 22:25:03.893] [modloading-worker-0/DEBUG] [net.minecraftforge.fml.javafmlmod.AutomaticEventSubscriber/LOADING]: Auto-subscribing net.mcreator.gore.procedures.ToughnessDeathProcedure to FORGE
[31May2025 22:25:03.894] [modloading-worker-0/DEBUG] [net.minecraftforge.fml.javafmlmod.AutomaticEventSubscriber/LOADING]: Auto-subscribing net.mcreator.gore.procedures.ToughnessDeathConfigProcedure to FORGE
[31May2025 22:25:03.895] [modloading-worker-0/DEBUG] [net.minecraftforge.fml.javafmlmod.AutomaticEventSubscriber/LOADING]: Auto-subscribing net.mcreator.gore.procedures.StrengthHurtSoundBeforeEntityIsHurtProcedure to FORGE
[31May2025 22:25:03.896] [modloading-worker-0/DEBUG] [net.minecraftforge.fml.javafmlmod.AutomaticEventSubscriber/LOADING]: Auto-subscribing net.mcreator.gore.procedures.StoneLikeEntitiesAddHealthProcedure to FORGE
[31May2025 22:25:03.897] [modloading-worker-0/DEBUG] [net.minecraftforge.fml.javafmlmod.AutomaticEventSubscriber/LOADING]: Auto-subscribing net.mcreator.gore.procedures.SiEstaArdiendoProcedure to FORGE
[31May2025 22:25:03.902] [modloading-worker-0/DEBUG] [net.minecraftforge.fml.javafmlmod.AutomaticEventSubscriber/LOADING]: Auto-subscribing net.mcreator.gore.procedures.SetupAnimationsProcedure$GoreEditionModAnimationMessage to MOD
[31May2025 22:25:03.906] [modloading-worker-0/DEBUG] [net.minecraftforge.fml.config.ConfigTracker/CONFIG]: Config file sophisticatedcore-common.toml for sophisticatedcore tracking
[31May2025 22:25:03.907] [modloading-worker-0/DEBUG] [net.minecraftforge.fml.config.ConfigTracker/CONFIG]: Config file sophisticatedcore-client.toml for sophisticatedcore tracking
[31May2025 22:25:03.907] [modloading-worker-0/DEBUG] [net.minecraftforge.fml.javafmlmod.AutomaticEventSubscriber/LOADING]: Auto-subscribing net.mcreator.gore.procedures.OnPlayerTickUpdateProcedure to FORGE
[31May2025 22:25:03.908] [modloading-worker-0/DEBUG] [net.minecraftforge.fml.javafmlmod.AutomaticEventSubscriber/LOADING]: Auto-subscribing net.mcreator.gore.procedures.MuereElArdeProcedure to FORGE
[31May2025 22:25:03.913] [modloading-worker-0/DEBUG] [net.minecraftforge.fml.javafmlmod.AutomaticEventSubscriber/LOADING]: Auto-subscribing net.mcreator.gore.procedures.LePeganAlBurningProcedure to FORGE
[31May2025 22:25:03.914] [modloading-worker-0/DEBUG] [net.minecraftforge.fml.javafmlmod.AutomaticEventSubscriber/LOADING]: Auto-subscribing net.mcreator.gore.procedures.HuskHurtingPlayerHungerProcedure to FORGE
[31May2025 22:25:03.915] [modloading-worker-0/DEBUG] [net.minecraftforge.fml.javafmlmod.AutomaticEventSubscriber/LOADING]: Auto-subscribing net.mcreator.gore.procedures.CooldownIProcedure to FORGE
[31May2025 22:25:03.916] [modloading-worker-0/DEBUG] [net.minecraftforge.fml.javafmlmod.AutomaticEventSubscriber/LOADING]: Auto-subscribing net.mcreator.gore.procedures.BurnZombiesBurnProcedure to FORGE
[31May2025 22:25:03.917] [modloading-worker-0/DEBUG] [net.minecraftforge.fml.javafmlmod.AutomaticEventSubscriber/LOADING]: Auto-subscribing net.mcreator.gore.procedures.BloodInScreenActivateI1Procedure to FORGE
[31May2025 22:25:03.920] [modloading-worker-0/DEBUG] [net.minecraftforge.fml.javafmlmod.AutomaticEventSubscriber/LOADING]: Auto-subscribing net.mcreator.gore.procedures.ArdeElHurtProcedure to FORGE
[31May2025 22:25:03.921] [modloading-worker-0/DEBUG] [net.minecraftforge.fml.javafmlmod.AutomaticEventSubscriber/LOADING]: Auto-subscribing net.mcreator.gore.procedures.AdgProcedure to FORGE
[31May2025 22:25:03.926] [modloading-worker-0/DEBUG] [net.minecraftforge.fml.javafmlmod.AutomaticEventSubscriber/LOADING]: Auto-subscribing net.mcreator.gore.network.WeaponMobDeathMessage to MOD
[31May2025 22:25:03.926] [modloading-worker-0/DEBUG] [net.minecraftforge.fml.javafmlmod.AutomaticEventSubscriber/LOADING]: Auto-subscribing net.mcreator.gore.network.GoreEditionModVariables to MOD
[31May2025 22:25:03.930] [modloading-worker-0/DEBUG] [mixin/]: Mixing PlayerListMixin from balm.mixins.json into net.minecraft.server.players.PlayerList
[31May2025 22:25:03.931] [modloading-worker-0/DEBUG] [mixin/]: Mixing MixinPlayerList from simpleradio.mixins.json into net.minecraft.server.players.PlayerList
[31May2025 22:25:03.949] [modloading-worker-0/DEBUG] [net.minecraftforge.fml.javafmlmod.AutomaticEventSubscriber/LOADING]: Auto-subscribing net.mcreator.gore.network.GoreEditionModVariables$PlayerVariablesProvider to FORGE
[31May2025 22:25:03.954] [modloading-worker-0/DEBUG] [net.minecraftforge.fml.javafmlmod.AutomaticEventSubscriber/LOADING]: Auto-subscribing net.mcreator.gore.network.GoreEditionModVariables$EventBusVariableHandlers to FORGE
[31May2025 22:25:03.961] [modloading-worker-0/DEBUG] [net.minecraftforge.fml.javafmlmod.AutomaticEventSubscriber/LOADING]: Auto-subscribing net.mcreator.gore.init.GoreEditionModEntities to MOD
[31May2025 22:25:03.963] [modloading-worker-0/DEBUG] [mixin/]: Mixing MixinLevelEvent from architectury.mixins.json into net.minecraftforge.event.level.LevelEvent
[31May2025 22:25:03.964] [modloading-worker-0/DEBUG] [net.minecraftforge.fml.javafmlmod.AutomaticEventSubscriber/LOADING]: Attempting to inject @EventBusSubscriber classes into the eventbus for cgm
[31May2025 22:25:03.964] [modloading-worker-0/DEBUG] [net.minecraftforge.fml.javafmlmod.AutomaticEventSubscriber/LOADING]: Auto-subscribing com.mrcrayfish.guns.entity.ThrowableStunGrenadeEntity to FORGE
[31May2025 22:25:03.966] [modloading-worker-0/DEBUG] [net.minecraftforge.fml.javafmlmod.AutomaticEventSubscriber/LOADING]: Auto-subscribing net.mcreator.gore.init.GoreEditionModConfigs to MOD
[31May2025 22:25:03.967] [modloading-worker-0/DEBUG] [net.minecraftforge.fml.javafmlmod.AutomaticEventSubscriber/LOADING]: Auto-subscribing net.mcreator.gore.init.EntityAnimationFactory to FORGE
[31May2025 22:25:03.972] [modloading-worker-0/DEBUG] [net.minecraftforge.fml.javafmlmod.AutomaticEventSubscriber/LOADING]: Attempting to inject @EventBusSubscriber classes into the eventbus for sophisticatedcore
[31May2025 22:25:03.980] [modloading-worker-0/DEBUG] [Lexiconfig/]: Loaded com.codinglitch.lexiconfig.platform.ForgePlatformHelper@62ba8766 for service interface com.codinglitch.lexiconfig.platform.services.PlatformHelper
[31May2025 22:25:03.993] [modloading-worker-0/DEBUG] [net.minecraftforge.fml.javafmlmod.AutomaticEventSubscriber/LOADING]: Auto-subscribing com.mrcrayfish.guns.common.SpreadTracker to FORGE
[31May2025 22:25:03.997] [modloading-worker-0/DEBUG] [net.minecraftforge.fml.javafmlmod.AutomaticEventSubscriber/LOADING]: Auto-subscribing com.mrcrayfish.guns.common.ReloadTracker to FORGE
[31May2025 22:25:03.999] [modloading-worker-0/DEBUG] [net.minecraftforge.fml.javafmlmod.AutomaticEventSubscriber/LOADING]: Auto-subscribing com.mrcrayfish.guns.common.NetworkGunManager to FORGE
[31May2025 22:25:04.005] [modloading-worker-0/DEBUG] [net.minecraftforge.fml.javafmlmod.AutomaticEventSubscriber/LOADING]: Auto-subscribing com.mrcrayfish.guns.common.DelayedTask to FORGE
[31May2025 22:25:04.008] [modloading-worker-0/DEBUG] [net.minecraftforge.fml.javafmlmod.AutomaticEventSubscriber/LOADING]: Auto-subscribing com.mrcrayfish.guns.common.CustomGunLoader to FORGE
[31May2025 22:25:04.014] [modloading-worker-0/INFO] [Lexiconfig/]: Shelved lexicon com.codinglitch.simpleradio.SimpleRadioServerConfig@76ad4aed!
[31May2025 22:25:04.016] [modloading-worker-0/DEBUG] [net.minecraftforge.fml.javafmlmod.AutomaticEventSubscriber/LOADING]: Attempting to inject @EventBusSubscriber classes into the eventbus for lexiconfig
[31May2025 22:25:04.021] [modloading-worker-0/DEBUG] [net.minecraftforge.fml.config.ConfigTracker/CONFIG]: Config file gravestone-server.toml for gravestone tracking
[31May2025 22:25:04.022] [modloading-worker-0/DEBUG] [net.minecraftforge.fml.config.ConfigTracker/CONFIG]: Config file gravestone-client.toml for gravestone tracking
[31May2025 22:25:04.026] [modloading-worker-0/DEBUG] [net.minecraftforge.fml.javafmlmod.AutomaticEventSubscriber/LOADING]: Attempting to inject @EventBusSubscriber classes into the eventbus for gravestone
[31May2025 22:25:04.026] [modloading-worker-0/DEBUG] [net.minecraftforge.fml.javafmlmod.AutomaticEventSubscriber/LOADING]: Auto-subscribing de.maxhenkel.gravestone.Main to FORGE
[31May2025 22:25:04.032] [modloading-worker-0/DEBUG] [net.minecraftforge.fml.javafmlmod.AutomaticEventSubscriber/LOADING]: Attempting to inject @EventBusSubscriber classes into the eventbus for diagonalfences
[31May2025 22:25:04.032] [modloading-worker-0/DEBUG] [net.minecraftforge.fml.javafmlmod.AutomaticEventSubscriber/LOADING]: Auto-subscribing fuzs.diagonalfences.DiagonalFencesForge to MOD
[31May2025 22:25:04.033] [modloading-worker-0/INFO] [Puzzles Lib/]: Constructing common components for diagonalfences:main
[31May2025 22:25:04.096] [modloading-worker-0/DEBUG] [mixin/]: Mixing TagsProviderForgeMixin from puzzleslib.forge.mixins.json into net.minecraft.data.tags.TagsProvider
[31May2025 22:25:04.144] [modloading-worker-0/DEBUG] [net.minecraftforge.fml.javafmlmod.AutomaticEventSubscriber/LOADING]: Attempting to inject @EventBusSubscriber classes into the eventbus for mixinextras
[31May2025 22:25:04.144] [modloading-worker-0/DEBUG] [net.minecraftforge.fml.javafmlmod.AutomaticEventSubscriber/LOADING]: Attempting to inject @EventBusSubscriber classes into the eventbus for glitchcore
[31May2025 22:25:04.144] [modloading-worker-0/DEBUG] [net.minecraftforge.fml.javafmlmod.AutomaticEventSubscriber/LOADING]: Auto-subscribing glitchcore.forge.handlers.VillagerTradesEventHandler to FORGE
[31May2025 22:25:04.150] [modloading-worker-0/DEBUG] [net.minecraftforge.fml.javafmlmod.AutomaticEventSubscriber/LOADING]: Auto-subscribing glitchcore.forge.handlers.TooltipEventHandler to FORGE
[31May2025 22:25:04.156] [modloading-worker-0/DEBUG] [net.minecraftforge.fml.javafmlmod.AutomaticEventSubscriber/LOADING]: Auto-subscribing glitchcore.forge.handlers.ToolModificationEventHandler to FORGE
[31May2025 22:25:04.164] [modloading-worker-0/DEBUG] [net.minecraftforge.fml.javafmlmod.AutomaticEventSubscriber/LOADING]: Auto-subscribing glitchcore.forge.handlers.TickEventHandler to FORGE
[31May2025 22:25:04.166] [modloading-worker-0/DEBUG] [net.minecraftforge.fml.javafmlmod.AutomaticEventSubscriber/LOADING]: Auto-subscribing glitchcore.forge.handlers.TagsUpdatedEventHandler to FORGE
[31May2025 22:25:04.173] [modloading-worker-0/DEBUG] [net.minecraftforge.fml.javafmlmod.AutomaticEventSubscriber/LOADING]: Auto-subscribing glitchcore.forge.handlers.RegistryEventHandler to MOD
[31May2025 22:25:04.174] [modloading-worker-0/DEBUG] [net.minecraftforge.fml.javafmlmod.AutomaticEventSubscriber/LOADING]: Auto-subscribing glitchcore.forge.handlers.RegisterCommandsEventHandler to FORGE
[31May2025 22:25:04.175] [modloading-worker-0/DEBUG] [net.minecraftforge.fml.javafmlmod.AutomaticEventSubscriber/LOADING]: Auto-subscribing glitchcore.forge.handlers.PlayerLoggedInEventHandler to FORGE
[31May2025 22:25:04.179] [modloading-worker-0/DEBUG] [net.minecraftforge.fml.javafmlmod.AutomaticEventSubscriber/LOADING]: Auto-subscribing glitchcore.forge.handlers.InteractionEventHandler to FORGE
[31May2025 22:25:04.194] [modloading-worker-0/DEBUG] [mixin/]: Mixing impl.MixinEnvironment from glitchcore.forge.mixins.json into glitchcore.util.Environment
[31May2025 22:25:04.203] [modloading-worker-0/DEBUG] [net.minecraftforge.fml.config.ConfigTracker/CONFIG]: Config file waystones-common.toml for waystones tracking
[31May2025 22:25:04.225] [modloading-worker-0/DEBUG] [mixin/]: Mixing impl.MixinPacketHandler from glitchcore.forge.mixins.json into glitchcore.network.PacketHandler
[31May2025 22:25:04.227] [modloading-worker-0/DEBUG] [mixin/]: Renaming synthetic method lambda$init$3(Ljava/lang/String;)Ljava/lang/String; to md4d2770$lambda$init$3$0 in glitchcore.forge.mixins.json:impl.MixinPacketHandler
[31May2025 22:25:04.227] [modloading-worker-0/DEBUG] [mixin/]: Renaming synthetic method lambda$sendToPlayer$2(Lnet/minecraft/server/level/ServerPlayer;)Lnet/minecraft/server/level/ServerPlayer; to md4d2770$lambda$sendToPlayer$2$1 in glitchcore.forge.mixins.json:impl.MixinPacketHandler
[31May2025 22:25:04.227] [modloading-worker-0/DEBUG] [mixin/]: Renaming synthetic method lambda$register$1(Lglitchcore/network/CustomPacket;Lglitchcore/network/CustomPacket;Ljava/util/function/Supplier;)V to md4d2770$lambda$register$1$2 in glitchcore.forge.mixins.json:impl.MixinPacketHandler
[31May2025 22:25:04.228] [modloading-worker-0/DEBUG] [mixin/]: Renaming synthetic method lambda$register$0(Lglitchcore/network/CustomPacket;Lglitchcore/network/CustomPacket;Ljava/util/function/Supplier;)V to md4d2770$lambda$register$0$3 in glitchcore.forge.mixins.json:impl.MixinPacketHandler
[31May2025 22:25:04.303] [modloading-worker-0/DEBUG] [mixin/]: Mixing MixinTemperatureHelperImpl from toughasnails.forge.mixins.json into toughasnails.temperature.TemperatureHelperImpl
[31May2025 22:25:04.305] [modloading-worker-0/DEBUG] [net.minecraftforge.coremod.transformer.CoreModBaseTransformer/COREMOD]: Transforming net/minecraft/world/level/biome/Biome
[31May2025 22:25:04.318] [modloading-worker-0/DEBUG] [net.minecraftforge.fml.javafmlmod.AutomaticEventSubscriber/LOADING]: Attempting to inject @EventBusSubscriber classes into the eventbus for toughasnails
[31May2025 22:25:04.329] [modloading-worker-0/DEBUG] [net.minecraftforge.fml.javafmlmod.AutomaticEventSubscriber/LOADING]: Auto-subscribing toughasnails.forge.datagen.DataGenerationHandler to MOD
[31May2025 22:25:04.370] [modloading-worker-0/DEBUG] [net.minecraftforge.fml.javafmlmod.AutomaticEventSubscriber/LOADING]: Attempting to inject @EventBusSubscriber classes into the eventbus for waystones
[31May2025 22:25:04.425] [modloading-worker-0/DEBUG] [net.minecraftforge.fml.config.ConfigTracker/CONFIG]: Config file sophisticatedbackpacks-server.toml for sophisticatedbackpacks tracking
[31May2025 22:25:04.425] [modloading-worker-0/DEBUG] [net.minecraftforge.fml.config.ConfigTracker/CONFIG]: Config file sophisticatedbackpacks-common.toml for sophisticatedbackpacks tracking
[31May2025 22:25:04.434] [modloading-worker-0/DEBUG] [net.minecraftforge.fml.javafmlmod.AutomaticEventSubscriber/LOADING]: Attempting to inject @EventBusSubscriber classes into the eventbus for cannibal
[31May2025 22:25:04.434] [modloading-worker-0/DEBUG] [net.minecraftforge.fml.javafmlmod.AutomaticEventSubscriber/LOADING]: Auto-subscribing net.clockwork.cannibal.event.CommonModEvents to MOD
[31May2025 22:25:04.435] [modloading-worker-0/DEBUG] [net.minecraftforge.fml.javafmlmod.AutomaticEventSubscriber/LOADING]: Auto-subscribing net.clockwork.cannibal.event.CommonForgeEvents to FORGE
[31May2025 22:25:04.441] [modloading-worker-0/DEBUG] [net.minecraftforge.fml.javafmlmod.AutomaticEventSubscriber/LOADING]: Auto-subscribing net.clockwork.cannibal.datagen.DataGenerators to MOD
[31May2025 22:25:04.567] [modloading-worker-0/DEBUG] [mixin/]: Mixing LootTableMixin from balm.mixins.json into net.minecraft.world.level.storage.loot.LootTable
[31May2025 22:25:04.569] [modloading-worker-0/DEBUG] [mixin/]: Mixing accessor.LootTableForgeAccessor from puzzleslib.forge.mixins.json into net.minecraft.world.level.storage.loot.LootTable
[31May2025 22:25:04.603] [modloading-worker-0/DEBUG] [net.minecraftforge.fml.javafmlmod.AutomaticEventSubscriber/LOADING]: Attempting to inject @EventBusSubscriber classes into the eventbus for architectury
[31May2025 22:25:04.603] [modloading-worker-0/DEBUG] [net.minecraftforge.fml.javafmlmod.AutomaticEventSubscriber/LOADING]: Auto-subscribing dev.architectury.registry.level.entity.trade.forge.TradeRegistryImpl to FORGE
[31May2025 22:25:04.615] [modloading-worker-0/DEBUG] [net.minecraftforge.fml.javafmlmod.AutomaticEventSubscriber/LOADING]: Auto-subscribing dev.architectury.registry.forge.ReloadListenerRegistryImpl to FORGE
[31May2025 22:25:04.616] [modloading-worker-0/DEBUG] [net.minecraftforge.fml.javafmlmod.AutomaticEventSubscriber/LOADING]: Auto-subscribing dev.architectury.networking.forge.NetworkManagerImpl to FORGE
[31May2025 22:25:04.631] [modloading-worker-0/DEBUG] [net.minecraftforge.fml.javafmlmod.AutomaticEventSubscriber/LOADING]: Attempting to inject @EventBusSubscriber classes into the eventbus for subnautica_flow
[31May2025 22:25:04.631] [modloading-worker-0/DEBUG] [net.minecraftforge.fml.javafmlmod.AutomaticEventSubscriber/LOADING]: Auto-subscribing net.mcreator.subnauticaflow.world.features.treedecorators.FloatingIslandTrunkDecorator to MOD
[31May2025 22:25:04.633] [modloading-worker-0/DEBUG] [net.minecraftforge.fml.javafmlmod.AutomaticEventSubscriber/LOADING]: Auto-subscribing net.mcreator.subnauticaflow.world.features.treedecorators.FloatingIslandLeaveDecorator to MOD
[31May2025 22:25:04.632] [modloading-worker-0/INFO] [dev.architectury.networking.forge.NetworkManagerImpl/]: Registering C2S receiver with id architectury:sync_ids
[31May2025 22:25:04.639] [modloading-worker-0/DEBUG] [net.minecraftforge.fml.javafmlmod.AutomaticEventSubscriber/LOADING]: Auto-subscribing net.mcreator.subnauticaflow.world.dimension.SubnauticaBelowZeroDimension to FORGE
[31May2025 22:25:04.639] [modloading-worker-0/DEBUG] [net.minecraftforge.fml.javafmlmod.AutomaticEventSubscriber/LOADING]: Auto-subscribing net.mcreator.subnauticaflow.world.dimension.SubnauticaBelowZeroDimension$SubnauticaBelowZeroSpecialEffectsHandler to MOD
[31May2025 22:25:04.640] [modloading-worker-0/DEBUG] [net.minecraftforge.fml.javafmlmod.AutomaticEventSubscriber/LOADING]: Auto-subscribing net.mcreator.subnauticaflow.world.dimension.SafeShallowsDimDimension to FORGE
[31May2025 22:25:04.640] [modloading-worker-0/DEBUG] [net.minecraftforge.fml.javafmlmod.AutomaticEventSubscriber/LOADING]: Auto-subscribing net.mcreator.subnauticaflow.world.dimension.SafeShallowsDimDimension$DimensionSpecialEffectsHandler to MOD
[31May2025 22:25:04.640] [modloading-worker-0/DEBUG] [net.minecraftforge.fml.javafmlmod.AutomaticEventSubscriber/LOADING]: Auto-subscribing net.mcreator.subnauticaflow.world.dimension.MushroomForestDimDimension to FORGE
[31May2025 22:25:04.641] [modloading-worker-0/DEBUG] [net.minecraftforge.fml.javafmlmod.AutomaticEventSubscriber/LOADING]: Auto-subscribing net.mcreator.subnauticaflow.world.dimension.MushroomForestDimDimension$DimensionSpecialEffectsHandler to MOD
[31May2025 22:25:04.641] [modloading-worker-0/DEBUG] [net.minecraftforge.fml.javafmlmod.AutomaticEventSubscriber/LOADING]: Auto-subscribing net.mcreator.subnauticaflow.world.dimension.LostRiverDimDimension to FORGE
[31May2025 22:25:04.642] [modloading-worker-0/DEBUG] [net.minecraftforge.fml.javafmlmod.AutomaticEventSubscriber/LOADING]: Auto-subscribing net.mcreator.subnauticaflow.world.dimension.LostRiverDimDimension$DimensionSpecialEffectsHandler to MOD
[31May2025 22:25:04.642] [modloading-worker-0/DEBUG] [net.minecraftforge.fml.javafmlmod.AutomaticEventSubscriber/LOADING]: Auto-subscribing net.mcreator.subnauticaflow.world.dimension.LavaLakesDimDimension to FORGE
[31May2025 22:25:04.647] [modloading-worker-0/DEBUG] [net.minecraftforge.fml.javafmlmod.AutomaticEventSubscriber/LOADING]: Auto-subscribing net.mcreator.subnauticaflow.world.dimension.LavaLakesDimDimension$DimensionSpecialEffectsHandler to MOD
[31May2025 22:25:04.647] [modloading-worker-0/DEBUG] [net.minecraftforge.fml.javafmlmod.AutomaticEventSubscriber/LOADING]: Auto-subscribing net.mcreator.subnauticaflow.world.dimension.KelpForestDimDimension to FORGE
[31May2025 22:25:04.647] [modloading-worker-0/DEBUG] [net.minecraftforge.fml.javafmlmod.AutomaticEventSubscriber/LOADING]: Auto-subscribing net.mcreator.subnauticaflow.world.dimension.KelpForestDimDimension$DimensionSpecialEffectsHandler to MOD
[31May2025 22:25:04.648] [modloading-worker-0/DEBUG] [net.minecraftforge.fml.javafmlmod.AutomaticEventSubscriber/LOADING]: Auto-subscribing net.mcreator.subnauticaflow.world.dimension.JellyShroomCaveDimDimension to FORGE
[31May2025 22:25:04.648] [modloading-worker-0/DEBUG] [net.minecraftforge.fml.javafmlmod.AutomaticEventSubscriber/LOADING]: Auto-subscribing net.mcreator.subnauticaflow.world.dimension.JellyShroomCaveDimDimension$DimensionSpecialEffectsHandler to MOD
[31May2025 22:25:04.648] [modloading-worker-0/DEBUG] [net.minecraftforge.fml.javafmlmod.AutomaticEventSubscriber/LOADING]: Auto-subscribing net.mcreator.subnauticaflow.world.dimension.GrassyPlateausDimDimension to FORGE
[31May2025 22:25:04.649] [modloading-worker-0/DEBUG] [net.minecraftforge.fml.javafmlmod.AutomaticEventSubscriber/LOADING]: Auto-subscribing net.mcreator.subnauticaflow.world.dimension.GrassyPlateausDimDimension$DimensionSpecialEffectsHandler to MOD
[31May2025 22:25:04.655] [modloading-worker-0/DEBUG] [net.minecraftforge.fml.javafmlmod.AutomaticEventSubscriber/LOADING]: Auto-subscribing net.mcreator.subnauticaflow.world.dimension.GrandReefDimDimension to FORGE
[31May2025 22:25:04.655] [modloading-worker-0/DEBUG] [net.minecraftforge.fml.javafmlmod.AutomaticEventSubscriber/LOADING]: Auto-subscribing net.mcreator.subnauticaflow.world.dimension.GrandReefDimDimension$DimensionSpecialEffectsHandler to MOD
[31May2025 22:25:04.656] [modloading-worker-0/DEBUG] [net.minecraftforge.fml.javafmlmod.AutomaticEventSubscriber/LOADING]: Auto-subscribing net.mcreator.subnauticaflow.world.dimension.FloatingIslandsDimension to FORGE
[31May2025 22:25:04.656] [modloading-worker-0/DEBUG] [net.minecraftforge.fml.javafmlmod.AutomaticEventSubscriber/LOADING]: Auto-subscribing net.mcreator.subnauticaflow.world.dimension.FloatingIslandsDimension$DimensionSpecialEffectsHandler to MOD
[31May2025 22:25:04.659] [modloading-worker-0/DEBUG] [net.minecraftforge.fml.javafmlmod.AutomaticEventSubscriber/LOADING]: Auto-subscribing net.mcreator.subnauticaflow.world.dimension.BulbZoneDimDimension to FORGE
[31May2025 22:25:04.660] [modloading-worker-0/DEBUG] [net.minecraftforge.fml.javafmlmod.AutomaticEventSubscriber/LOADING]: Auto-subscribing net.mcreator.subnauticaflow.world.dimension.BulbZoneDimDimension$DimensionSpecialEffectsHandler to MOD
[31May2025 22:25:04.660] [modloading-worker-0/DEBUG] [net.minecraftforge.fml.javafmlmod.AutomaticEventSubscriber/LOADING]: Auto-subscribing net.mcreator.subnauticaflow.world.dimension.BloodKelpDimDimension to FORGE
[31May2025 22:25:04.660] [modloading-worker-0/DEBUG] [net.minecraftforge.fml.javafmlmod.AutomaticEventSubscriber/LOADING]: Auto-subscribing net.mcreator.subnauticaflow.world.dimension.BloodKelpDimDimension$DimensionSpecialEffectsHandler to MOD
[31May2025 22:25:04.661] [modloading-worker-0/DEBUG] [net.minecraftforge.fml.javafmlmod.AutomaticEventSubscriber/LOADING]: Auto-subscribing net.mcreator.subnauticaflow.recipes.brewing.KhaaraBrewingBrewingRecipe to MOD
[31May2025 22:25:04.668] [modloading-worker-0/DEBUG] [net.minecraftforge.fml.javafmlmod.AutomaticEventSubscriber/LOADING]: Auto-subscribing net.mcreator.subnauticaflow.recipes.brewing.KhaaraBakteriumBrewingRecipe to MOD
[31May2025 22:25:04.669] [modloading-worker-0/DEBUG] [net.minecraftforge.fml.javafmlmod.AutomaticEventSubscriber/LOADING]: Auto-subscribing net.mcreator.subnauticaflow.procedures.SymptomsProcedure to FORGE
[31May2025 22:25:04.673] [modloading-worker-0/INFO] [fallingtrees | Config/]: Successfully loaded config 'fallingtrees_common'
[31May2025 22:25:04.677] [modloading-worker-0/INFO] [fallingtrees | Config/]: Successfully saved config 'fallingtrees_common'
[31May2025 22:25:04.680] [modloading-worker-0/DEBUG] [net.minecraftforge.fml.javafmlmod.AutomaticEventSubscriber/LOADING]: Attempting to inject @EventBusSubscriber classes into the eventbus for sophisticatedbackpacks
[31May2025 22:25:04.681] [modloading-worker-0/DEBUG] [net.minecraftforge.fml.javafmlmod.AutomaticEventSubscriber/LOADING]: Auto-subscribing net.mcreator.subnauticaflow.procedures.StopAlAnAnimetionProcedure to FORGE
[31May2025 22:25:04.682] [modloading-worker-0/DEBUG] [net.minecraftforge.fml.javafmlmod.AutomaticEventSubscriber/LOADING]: Auto-subscribing net.mcreator.subnauticaflow.procedures.StageKhaaraProcedure to FORGE
[31May2025 22:25:04.682] [modloading-worker-0/DEBUG] [net.minecraftforge.fml.javafmlmod.AutomaticEventSubscriber/LOADING]: Auto-subscribing net.mcreator.subnauticaflow.procedures.ResetForceRideProcedure to FORGE
[31May2025 22:25:04.683] [modloading-worker-0/DEBUG] [net.minecraftforge.fml.javafmlmod.AutomaticEventSubscriber/LOADING]: Auto-subscribing net.mcreator.subnauticaflow.procedures.ReaperGrapProcedure to FORGE
[31May2025 22:25:04.688] [modloading-worker-0/DEBUG] [me.pandamods.pandalib.platform.Services/]: Loaded me.pandamods.pandalib.forge.platform.NetworkHelperImpl@181608e4 for service interface me.pandamods.pandalib.platform.services.NetworkHelper
[31May2025 22:25:04.690] [modloading-worker-0/DEBUG] [net.minecraftforge.fml.javafmlmod.AutomaticEventSubscriber/LOADING]: Auto-subscribing net.mcreator.subnauticaflow.procedures.PhantomMothGrapProcedure to FORGE
[31May2025 22:25:04.690] [modloading-worker-0/DEBUG] [me.pandamods.pandalib.platform.Services/]: Loaded me.pandamods.pandalib.forge.platform.RegistrationHelperImpl@5910c926 for service interface me.pandamods.pandalib.platform.services.RegistrationHelper
[31May2025 22:25:04.690] [modloading-worker-0/DEBUG] [net.minecraftforge.fml.javafmlmod.AutomaticEventSubscriber/LOADING]: Auto-subscribing net.mcreator.subnauticaflow.procedures.PeelMothGrapProcedure to FORGE
[31May2025 22:25:04.691] [modloading-worker-0/DEBUG] [me.pandamods.pandalib.platform.Services/]: Loaded me.pandamods.pandalib.forge.platform.GameHelperImpl@55d165ac for service interface me.pandamods.pandalib.platform.services.GameHelper
[31May2025 22:25:04.691] [modloading-worker-0/DEBUG] [net.minecraftforge.fml.javafmlmod.AutomaticEventSubscriber/LOADING]: Auto-subscribing net.mcreator.subnauticaflow.procedures.KhaaraTickingProcedure to FORGE
[31May2025 22:25:04.693] [modloading-worker-0/DEBUG] [me.pandamods.pandalib.platform.Services/]: Loaded me.pandamods.pandalib.forge.platform.ModLoaderHelperImpl@5b1c7927 for service interface me.pandamods.pandalib.platform.services.ModLoaderHelper
[31May2025 22:25:04.697] [modloading-worker-0/DEBUG] [net.minecraftforge.fml.javafmlmod.AutomaticEventSubscriber/LOADING]: Auto-subscribing net.mcreator.subnauticaflow.procedures.KhaaraSpreadProcedure to FORGE
[31May2025 22:25:04.698] [modloading-worker-0/DEBUG] [net.minecraftforge.fml.javafmlmod.AutomaticEventSubscriber/LOADING]: Auto-subscribing net.mcreator.subnauticaflow.procedures.IsGhostRayProcedure to FORGE
[31May2025 22:25:04.699] [modloading-worker-0/DEBUG] [net.minecraftforge.fml.javafmlmod.AutomaticEventSubscriber/LOADING]: Auto-subscribing net.mcreator.subnauticaflow.procedures.GrapProcedure to FORGE
[31May2025 22:25:04.700] [modloading-worker-0/DEBUG] [net.minecraftforge.fml.javafmlmod.AutomaticEventSubscriber/LOADING]: Auto-subscribing net.mcreator.subnauticaflow.procedures.GiveAdvancementProcedure to FORGE
[31May2025 22:25:04.702] [modloading-worker-0/DEBUG] [net.minecraftforge.fml.javafmlmod.AutomaticEventSubscriber/LOADING]: Attempting to inject @EventBusSubscriber classes into the eventbus for pandalib
[31May2025 22:25:04.707] [modloading-worker-0/DEBUG] [net.minecraftforge.fml.javafmlmod.AutomaticEventSubscriber/LOADING]: Auto-subscribing net.mcreator.subnauticaflow.procedures.GetPlayerYProcedure to FORGE
[31May2025 22:25:04.707] [modloading-worker-0/DEBUG] [net.minecraftforge.fml.javafmlmod.AutomaticEventSubscriber/LOADING]: Auto-subscribing net.mcreator.subnauticaflow.procedures.FirstStartProcedure to FORGE
[31May2025 22:25:04.708] [modloading-worker-0/DEBUG] [net.minecraftforge.fml.javafmlmod.AutomaticEventSubscriber/LOADING]: Auto-subscribing net.mcreator.subnauticaflow.procedures.BreedseamonkeysProcedure to FORGE
[31May2025 22:25:04.709] [modloading-worker-0/DEBUG] [net.minecraftforge.fml.javafmlmod.AutomaticEventSubscriber/LOADING]: Auto-subscribing net.mcreator.subnauticaflow.procedures.AlAnGrapProcedure to FORGE
[31May2025 22:25:04.714] [modloading-worker-0/DEBUG] [net.minecraftforge.fml.config.ConfigTracker/CONFIG]: Config file balm-common.toml for balm tracking
[31May2025 22:25:04.716] [modloading-worker-0/DEBUG] [net.minecraftforge.fml.javafmlmod.AutomaticEventSubscriber/LOADING]: Auto-subscribing net.mcreator.subnauticaflow.network.SymbioteMenuButtonMessage to MOD
[31May2025 22:25:04.718] [modloading-worker-0/DEBUG] [net.minecraftforge.fml.javafmlmod.AutomaticEventSubscriber/LOADING]: Auto-subscribing net.mcreator.subnauticaflow.network.SubnauticaSettingsButtonMessage to MOD
[31May2025 22:25:04.719] [modloading-worker-0/DEBUG] [net.minecraftforge.fml.javafmlmod.AutomaticEventSubscriber/LOADING]: Auto-subscribing net.mcreator.subnauticaflow.network.SubnauticaFlowModVariables to MOD
[31May2025 22:25:04.725] [modloading-worker-0/DEBUG] [net.minecraftforge.fml.javafmlmod.AutomaticEventSubscriber/LOADING]: Attempting to inject @EventBusSubscriber classes into the eventbus for balm
[31May2025 22:25:04.725] [modloading-worker-0/DEBUG] [net.minecraftforge.fml.javafmlmod.AutomaticEventSubscriber/LOADING]: Attempting to inject @EventBusSubscriber classes into the eventbus for puzzleslib
[31May2025 22:25:04.725] [modloading-worker-0/DEBUG] [net.minecraftforge.fml.javafmlmod.AutomaticEventSubscriber/LOADING]: Auto-subscribing fuzs.puzzleslib.impl.PuzzlesLibForge to MOD
[31May2025 22:25:04.727] [modloading-worker-0/DEBUG] [net.minecraftforge.fml.javafmlmod.AutomaticEventSubscriber/LOADING]: Auto-subscribing net.mcreator.subnauticaflow.network.SubnauticaFlowModVariables$PlayerVariablesProvider to FORGE
[31May2025 22:25:04.728] [modloading-worker-0/DEBUG] [net.minecraftforge.fml.javafmlmod.AutomaticEventSubscriber/LOADING]: Auto-subscribing net.mcreator.subnauticaflow.network.SubnauticaFlowModVariables$EventBusVariableHandlers to FORGE
[31May2025 22:25:04.744] [modloading-worker-0/DEBUG] [net.minecraftforge.fml.javafmlmod.AutomaticEventSubscriber/LOADING]: Attempting to inject @EventBusSubscriber classes into the eventbus for fallingtrees
[31May2025 22:25:04.744] [modloading-worker-0/DEBUG] [net.minecraftforge.fml.javafmlmod.AutomaticEventSubscriber/LOADING]: Auto-subscribing net.mcreator.subnauticaflow.network.SFSettingsMessage to MOD
[31May2025 22:25:04.750] [modloading-worker-0/DEBUG] [net.minecraftforge.fml.javafmlmod.AutomaticEventSubscriber/LOADING]: Auto-subscribing net.mcreator.subnauticaflow.network.RocketButtonMessage to MOD
[31May2025 22:25:04.751] [modloading-worker-0/DEBUG] [net.minecraftforge.fml.javafmlmod.AutomaticEventSubscriber/LOADING]: Auto-subscribing net.mcreator.subnauticaflow.network.PrecursorFabricatorGUIButtonMessage to MOD
[31May2025 22:25:04.752] [modloading-worker-0/DEBUG] [net.minecraftforge.fml.javafmlmod.AutomaticEventSubscriber/LOADING]: Auto-subscribing net.mcreator.subnauticaflow.network.PhantomMothMenuButtonMessage to MOD
[31May2025 22:25:04.756] [modloading-worker-0/DEBUG] [net.minecraftforge.fml.javafmlmod.AutomaticEventSubscriber/LOADING]: Auto-subscribing net.mcreator.subnauticaflow.network.PeelMenuButtonMessage to MOD
[31May2025 22:25:04.757] [modloading-worker-0/DEBUG] [net.minecraftforge.fml.javafmlmod.AutomaticEventSubscriber/LOADING]: Auto-subscribing net.mcreator.subnauticaflow.network.PDASelect1ButtonMessage to MOD
[31May2025 22:25:04.759] [modloading-worker-0/DEBUG] [net.minecraftforge.fml.javafmlmod.AutomaticEventSubscriber/LOADING]: Auto-subscribing net.mcreator.subnauticaflow.network.GargantuanMenuButtonMessage to MOD
[31May2025 22:25:04.759] [modloading-worker-0/DEBUG] [net.minecraftforge.fml.javafmlmod.AutomaticEventSubscriber/LOADING]: Auto-subscribing net.mcreator.subnauticaflow.network.CreatureMenuButtonMessage to MOD
[31May2025 22:25:04.760] [modloading-worker-0/DEBUG] [net.minecraftforge.fml.javafmlmod.AutomaticEventSubscriber/LOADING]: Auto-subscribing net.mcreator.subnauticaflow.network.AlAnTradeGUIButtonMessage to MOD
[31May2025 22:25:04.766] [modloading-worker-0/DEBUG] [Carry On/]: Loaded tschipp.carryon.platform.ForgePlatformHelper@4bd05c7d for service interface tschipp.carryon.platform.services.IPlatformHelper
[31May2025 22:25:04.768] [modloading-worker-0/DEBUG] [net.minecraftforge.fml.javafmlmod.AutomaticEventSubscriber/LOADING]: Auto-subscribing net.mcreator.subnauticaflow.init.SubnauticaFlowModTabs to MOD
[31May2025 22:25:04.768] [modloading-worker-0/DEBUG] [net.minecraftforge.fml.javafmlmod.AutomaticEventSubscriber/LOADING]: Auto-subscribing net.mcreator.subnauticaflow.init.SubnauticaFlowModGameRules to MOD
[31May2025 22:25:04.769] [modloading-worker-0/DEBUG] [Carry On/]: Loaded tschipp.carryon.platform.ForgeGamestagesHelper@6a612167 for service interface tschipp.carryon.platform.services.IGamestagePlatformHelper
[31May2025 22:25:04.772] [modloading-worker-0/INFO] [Puzzles Lib/]: Constructing common components for puzzleslib:main
[31May2025 22:25:04.781] [modloading-worker-0/DEBUG] [net.minecraftforge.fml.config.ConfigTracker/CONFIG]: Config file carryon-client.toml for carryon tracking
[31May2025 22:25:04.781] [modloading-worker-0/DEBUG] [net.minecraftforge.fml.config.ConfigTracker/CONFIG]: Config file carryon-common.toml for carryon tracking
[31May2025 22:25:04.781] [modloading-worker-0/DEBUG] [net.minecraftforge.fml.javafmlmod.AutomaticEventSubscriber/LOADING]: Attempting to inject @EventBusSubscriber classes into the eventbus for carryon
[31May2025 22:25:04.781] [modloading-worker-0/DEBUG] [net.minecraftforge.fml.javafmlmod.AutomaticEventSubscriber/LOADING]: Auto-subscribing tschipp.carryon.CarryOnForge to MOD
[31May2025 22:25:04.781] [modloading-worker-0/DEBUG] [net.minecraftforge.fml.javafmlmod.AutomaticEventSubscriber/LOADING]: Auto-subscribing tschipp.carryon.events.CommonEvents to FORGE
[31May2025 22:25:04.788] [modloading-worker-0/DEBUG] [net.minecraftforge.fml.javafmlmod.AutomaticEventSubscriber/LOADING]: Auto-subscribing net.mcreator.subnauticaflow.init.SubnauticaFlowModEntities to MOD
[31May2025 22:25:04.789] [modloading-worker-0/DEBUG] [net.minecraftforge.fml.javafmlmod.AutomaticEventSubscriber/LOADING]: Auto-subscribing net.mcreator.subnauticaflow.init.EntityAnimationFactory to FORGE
[31May2025 22:25:04.791] [modloading-worker-0/DEBUG] [net.minecraftforge.fml.javafmlmod.AutomaticEventSubscriber/LOADING]: Auto-subscribing tschipp.carryon.events.ModBusEvents to MOD
[31May2025 22:25:04.794] [modloading-worker-0/DEBUG] [net.minecraftforge.fml.javafmlmod.AutomaticEventSubscriber/LOADING]: Auto-subscribing net.mcreator.subnauticaflow.init.ArmorAnimationFactory to FORGE
[31May2025 22:25:04.797] [modloading-worker-0/DEBUG] [net.minecraftforge.fml.javafmlmod.AutomaticEventSubscriber/LOADING]: Auto-subscribing net.mcreator.subnauticaflow.command.UnlockPDACommand to FORGE
[31May2025 22:25:04.798] [modloading-worker-0/DEBUG] [net.minecraftforge.fml.javafmlmod.AutomaticEventSubscriber/LOADING]: Auto-subscribing net.mcreator.subnauticaflow.command.TestSubnauticaCommand to FORGE
[31May2025 22:25:04.806] [modloading-worker-0/DEBUG] [Framework/]: Loaded com.mrcrayfish.framework.platform.ForgePlatformHelper@46933dfd for service interface com.mrcrayfish.framework.platform.services.IPlatformHelper
[31May2025 22:25:04.807] [modloading-worker-0/DEBUG] [net.minecraftforge.fml.javafmlmod.AutomaticEventSubscriber/LOADING]: Auto-subscribing net.mcreator.subnauticaflow.command.SkipToCommand to FORGE
[31May2025 22:25:04.808] [modloading-worker-0/DEBUG] [Framework/]: Loaded com.mrcrayfish.framework.platform.ForgeNetworkHelper@92debcc for service interface com.mrcrayfish.framework.platform.services.INetworkHelper
[31May2025 22:25:04.808] [modloading-worker-0/DEBUG] [net.minecraftforge.fml.javafmlmod.AutomaticEventSubscriber/LOADING]: Auto-subscribing net.mcreator.subnauticaflow.command.RemoveKhaaraCommand to FORGE
[31May2025 22:25:04.810] [modloading-worker-0/DEBUG] [Framework/]: Loaded com.mrcrayfish.framework.platform.ForgeRegistrationHelper@642d5991 for service interface com.mrcrayfish.framework.platform.services.IRegistrationHelper
[31May2025 22:25:04.812] [modloading-worker-0/DEBUG] [Framework/]: Loaded com.mrcrayfish.framework.platform.ForgeEntityHelper@6745f783 for service interface com.mrcrayfish.framework.platform.services.IEntityHelper
[31May2025 22:25:04.814] [modloading-worker-0/DEBUG] [Framework/]: Loaded com.mrcrayfish.framework.platform.ForgeItemHelper@7dcb849 for service interface com.mrcrayfish.framework.platform.services.IItemHelper
[31May2025 22:25:04.815] [modloading-worker-0/DEBUG] [Framework/]: Loaded com.mrcrayfish.framework.platform.ForgeConfigHelper@7efccf0b for service interface com.mrcrayfish.framework.platform.services.IConfigHelper
[31May2025 22:25:04.816] [modloading-worker-0/DEBUG] [net.minecraftforge.fml.javafmlmod.AutomaticEventSubscriber/LOADING]: Auto-subscribing net.mcreator.subnauticaflow.command.KhaaraTickingSpeedCommand to FORGE
[31May2025 22:25:04.816] [modloading-worker-0/DEBUG] [net.minecraftforge.fml.javafmlmod.AutomaticEventSubscriber/LOADING]: Auto-subscribing net.mcreator.subnauticaflow.command.KhaaraSpreadCooldownCommand to FORGE
[31May2025 22:25:04.818] [modloading-worker-0/DEBUG] [net.minecraftforge.fml.javafmlmod.AutomaticEventSubscriber/LOADING]: Auto-subscribing net.mcreator.subnauticaflow.command.HungerIncreaseCommand to FORGE
[31May2025 22:25:04.819] [modloading-worker-0/DEBUG] [net.minecraftforge.fml.javafmlmod.AutomaticEventSubscriber/LOADING]: Auto-subscribing net.mcreator.subnauticaflow.command.HealCommand to FORGE
[31May2025 22:25:04.820] [modloading-worker-0/DEBUG] [net.minecraftforge.fml.javafmlmod.AutomaticEventSubscriber/LOADING]: Auto-subscribing net.mcreator.subnauticaflow.command.HatCommand to FORGE
[31May2025 22:25:04.820] [modloading-worker-0/DEBUG] [net.minecraftforge.fml.javafmlmod.AutomaticEventSubscriber/LOADING]: Auto-subscribing net.mcreator.subnauticaflow.block.listener.ClientListener to MOD
[31May2025 22:25:04.826] [modloading-worker-0/DEBUG] [net.minecraftforge.fml.javafmlmod.AutomaticEventSubscriber/LOADING]: Attempting to inject @EventBusSubscriber classes into the eventbus for puzzlesaccessapi
[31May2025 22:25:04.827] [modloading-worker-0/DEBUG] [net.minecraftforge.fml.javafmlmod.AutomaticEventSubscriber/LOADING]: Attempting to inject @EventBusSubscriber classes into the eventbus for cloth_config
[31May2025 22:25:04.830] [modloading-worker-0/DEBUG] [net.minecraftforge.fml.javafmlmod.AutomaticEventSubscriber/LOADING]: Attempting to inject @EventBusSubscriber classes into the eventbus for sound_physics_remastered
[31May2025 22:25:04.841] [modloading-worker-0/DEBUG] [net.minecraftforge.fml.javafmlmod.AutomaticEventSubscriber/LOADING]: Attempting to inject @EventBusSubscriber classes into the eventbus for voicechat
[31May2025 22:25:04.862] [modloading-worker-0/DEBUG] [net.minecraftforge.versions.forge.ForgeVersion/CORE]: Forge Version package package net.minecraftforge.versions.forge, Forge, version 47.3 from cpw.mods.modlauncher.TransformingClassLoader@5edacf20
[31May2025 22:25:04.862] [modloading-worker-0/DEBUG] [net.minecraftforge.versions.forge.ForgeVersion/CORE]: Found Forge version 47.3.7
[31May2025 22:25:04.862] [modloading-worker-0/DEBUG] [net.minecraftforge.versions.forge.ForgeVersion/CORE]: Found Forge spec 47.3
[31May2025 22:25:04.862] [modloading-worker-0/DEBUG] [net.minecraftforge.versions.forge.ForgeVersion/CORE]: Found Forge group net.minecraftforge
[31May2025 22:25:04.862] [modloading-worker-0/DEBUG] [net.minecraftforge.versions.mcp.MCPVersion/CORE]: MCP Version package package net.minecraftforge.versions.mcp, Minecraft, version 1.20.1 from cpw.mods.modlauncher.TransformingClassLoader@5edacf20
[31May2025 22:25:04.862] [modloading-worker-0/DEBUG] [net.minecraftforge.versions.mcp.MCPVersion/CORE]: Found MC version information 1.20.1
[31May2025 22:25:04.862] [modloading-worker-0/DEBUG] [net.minecraftforge.versions.mcp.MCPVersion/CORE]: Found MCP version information 20230612.114412
[31May2025 22:25:04.863] [modloading-worker-0/INFO] [net.minecraftforge.common.ForgeMod/FORGEMOD]: Forge mod loading, version 47.3.7, for MC 1.20.1 with MCP 20230612.114412
[31May2025 22:25:04.863] [modloading-worker-0/INFO] [net.minecraftforge.common.MinecraftForge/FORGE]: MinecraftForge v47.3.7 Initialized
[31May2025 22:25:04.883] [modloading-worker-0/DEBUG] [net.minecraftforge.fml.javafmlmod.AutomaticEventSubscriber/LOADING]: Attempting to inject @EventBusSubscriber classes into the eventbus for framework
[31May2025 22:25:04.883] [modloading-worker-0/DEBUG] [net.minecraftforge.fml.javafmlmod.AutomaticEventSubscriber/LOADING]: Auto-subscribing com.mrcrayfish.framework.entity.sync.ForgeSyncedEntityDataHandler to FORGE
[31May2025 22:25:04.894] [modloading-worker-0/DEBUG] [net.minecraftforge.fml.javafmlmod.AutomaticEventSubscriber/LOADING]: Attempting to inject @EventBusSubscriber classes into the eventbus for simpleradio
[31May2025 22:25:04.895] [modloading-worker-0/DEBUG] [net.minecraftforge.fml.javafmlmod.AutomaticEventSubscriber/LOADING]: Auto-subscribing com.codinglitch.simpleradio.core.ForgeLoader to MOD
[31May2025 22:25:04.899] [modloading-worker-0/DEBUG] [net.minecraftforge.fml.config.ConfigTracker/CONFIG]: Config file scuba_gear-common.toml for scuba_gear tracking
[31May2025 22:25:04.903] [modloading-worker-0/DEBUG] [net.minecraftforge.fml.javafmlmod.AutomaticEventSubscriber/LOADING]: Attempting to inject @EventBusSubscriber classes into the eventbus for scuba_gear
[31May2025 22:25:04.903] [modloading-worker-0/DEBUG] [net.minecraftforge.fml.javafmlmod.AutomaticEventSubscriber/LOADING]: Auto-subscribing com.legacy.scuba_gear.ScubaRegistry to MOD
[31May2025 22:25:04.911] [modloading-worker-0/DEBUG] [playerrevive/]: Created network playerrevive:main
[31May2025 22:25:04.915] [modloading-worker-0/DEBUG] [net.minecraftforge.fml.javafmlmod.AutomaticEventSubscriber/LOADING]: Attempting to inject @EventBusSubscriber classes into the eventbus for playerrevive
[31May2025 22:25:04.916] [modloading-worker-0/DEBUG] [net.minecraftforge.fml.javafmlmod.AutomaticEventSubscriber/LOADING]: Attempting to inject @EventBusSubscriber classes into the eventbus for diagonalblocks
[31May2025 22:25:04.916] [modloading-worker-0/DEBUG] [net.minecraftforge.fml.javafmlmod.AutomaticEventSubscriber/LOADING]: Auto-subscribing fuzs.diagonalblocks.DiagonalBlocksForge to MOD
[31May2025 22:25:04.917] [modloading-worker-0/INFO] [Puzzles Lib/]: Constructing common components for diagonalblocks:main
[31May2025 22:25:04.918] [modloading-worker-0/DEBUG] [io.netty.util.internal.PlatformDependent0/]: -Dio.netty.noUnsafe: false
[31May2025 22:25:04.918] [modloading-worker-0/DEBUG] [io.netty.util.internal.PlatformDependent0/]: Java version: 17
[31May2025 22:25:04.919] [modloading-worker-0/DEBUG] [io.netty.util.internal.PlatformDependent0/]: sun.misc.Unsafe.theUnsafe: available
[31May2025 22:25:04.919] [modloading-worker-0/DEBUG] [io.netty.util.internal.PlatformDependent0/]: sun.misc.Unsafe.copyMemory: available
[31May2025 22:25:04.922] [modloading-worker-0/DEBUG] [io.netty.util.internal.PlatformDependent0/]: sun.misc.Unsafe.storeFence: available
[31May2025 22:25:04.922] [modloading-worker-0/DEBUG] [io.netty.util.internal.PlatformDependent0/]: java.nio.Buffer.address: available
[31May2025 22:25:04.924] [modloading-worker-0/DEBUG] [io.netty.util.internal.PlatformDependent0/]: direct buffer constructor: unavailable
java.lang.UnsupportedOperationException: Reflective setAccessible(true) disabled
	at io.netty.util.internal.ReflectionUtil.trySetAccessible(ReflectionUtil.java:31) ~[netty-common-4.1.82.Final.jar%2382!/:4.1.82.Final]
	at io.netty.util.internal.PlatformDependent0$5.run(PlatformDependent0.java:288) ~[netty-common-4.1.82.Final.jar%2382!/:4.1.82.Final]
	at java.security.AccessController.doPrivileged(AccessController.java:318) ~[?:?]
	at io.netty.util.internal.PlatformDependent0.<clinit>(PlatformDependent0.java:282) ~[netty-common-4.1.82.Final.jar%2382!/:4.1.82.Final]
	at io.netty.util.internal.PlatformDependent.isAndroid(PlatformDependent.java:333) ~[netty-common-4.1.82.Final.jar%2382!/:4.1.82.Final]
	at io.netty.util.internal.PlatformDependent.<clinit>(PlatformDependent.java:88) ~[netty-common-4.1.82.Final.jar%2382!/:4.1.82.Final]
	at io.netty.util.ConstantPool.<init>(ConstantPool.java:34) ~[netty-common-4.1.82.Final.jar%2382!/:4.1.82.Final]
	at io.netty.util.AttributeKey$1.<init>(AttributeKey.java:27) ~[netty-common-4.1.82.Final.jar%2382!/:4.1.82.Final]
	at io.netty.util.AttributeKey.<clinit>(AttributeKey.java:27) ~[netty-common-4.1.82.Final.jar%2382!/:4.1.82.Final]
	at net.minecraftforge.network.NetworkConstants.<clinit>(NetworkConstants.java:34) ~[forge-1.20.1-47.3.7-universal.jar%23174!/:?]
	at net.minecraftforge.common.ForgeMod.<init>(ForgeMod.java:429) ~[forge-1.20.1-47.3.7-universal.jar%23174!/:?]
	at jdk.internal.reflect.NativeConstructorAccessorImpl.newInstance0(Native Method) ~[?:?]
	at jdk.internal.reflect.NativeConstructorAccessorImpl.newInstance(NativeConstructorAccessorImpl.java:77) ~[?:?]
	at jdk.internal.reflect.DelegatingConstructorAccessorImpl.newInstance(DelegatingConstructorAccessorImpl.java:45) ~[?:?]
	at java.lang.reflect.Constructor.newInstanceWithCaller(Constructor.java:500) ~[?:?]
	at java.lang.reflect.Constructor.newInstance(Constructor.java:481) ~[?:?]
	at net.minecraftforge.fml.javafmlmod.FMLModContainer.constructMod(FMLModContainer.java:70) ~[javafmllanguage-1.20.1-47.3.7.jar%23171!/:?]
	at net.minecraftforge.fml.ModContainer.lambda$buildTransitionHandler$4(ModContainer.java:124) ~[fmlcore-1.20.1-47.3.7.jar%23170!/:?]
	at java.util.concurrent.CompletableFuture$AsyncRun.run(CompletableFuture.java:1804) ~[?:?]
	at java.util.concurrent.CompletableFuture$AsyncRun.exec(CompletableFuture.java:1796) ~[?:?]
	at java.util.concurrent.ForkJoinTask.doExec(ForkJoinTask.java:373) ~[?:?]
	at java.util.concurrent.ForkJoinPool$WorkQueue.topLevelExec(ForkJoinPool.java:1182) ~[?:?]
	at java.util.concurrent.ForkJoinPool.scan(ForkJoinPool.java:1655) ~[?:?]
	at java.util.concurrent.ForkJoinPool.runWorker(ForkJoinPool.java:1622) ~[?:?]
	at java.util.concurrent.ForkJoinWorkerThread.run(ForkJoinWorkerThread.java:165) ~[?:?]
[31May2025 22:25:04.926] [modloading-worker-0/DEBUG] [io.netty.util.internal.PlatformDependent0/]: java.nio.Bits.unaligned: available, true
[31May2025 22:25:04.927] [modloading-worker-0/DEBUG] [io.netty.util.internal.PlatformDependent0/]: jdk.internal.misc.Unsafe.allocateUninitializedArray(int): unavailable
java.lang.IllegalAccessException: class io.netty.util.internal.PlatformDependent0$7 (in module io.netty.common) cannot access class jdk.internal.misc.Unsafe (in module java.base) because module java.base does not export jdk.internal.misc to module io.netty.common
	at jdk.internal.reflect.Reflection.newIllegalAccessException(Reflection.java:392) ~[?:?]
	at java.lang.reflect.AccessibleObject.checkAccess(AccessibleObject.java:674) ~[?:?]
	at java.lang.reflect.Method.invoke(Method.java:561) ~[?:?]
	at io.netty.util.internal.PlatformDependent0$7.run(PlatformDependent0.java:410) ~[netty-common-4.1.82.Final.jar%2382!/:4.1.82.Final]
	at java.security.AccessController.doPrivileged(AccessController.java:318) ~[?:?]
	at io.netty.util.internal.PlatformDependent0.<clinit>(PlatformDependent0.java:401) ~[netty-common-4.1.82.Final.jar%2382!/:4.1.82.Final]
	at io.netty.util.internal.PlatformDependent.isAndroid(PlatformDependent.java:333) ~[netty-common-4.1.82.Final.jar%2382!/:4.1.82.Final]
	at io.netty.util.internal.PlatformDependent.<clinit>(PlatformDependent.java:88) ~[netty-common-4.1.82.Final.jar%2382!/:4.1.82.Final]
	at io.netty.util.ConstantPool.<init>(ConstantPool.java:34) ~[netty-common-4.1.82.Final.jar%2382!/:4.1.82.Final]
	at io.netty.util.AttributeKey$1.<init>(AttributeKey.java:27) ~[netty-common-4.1.82.Final.jar%2382!/:4.1.82.Final]
	at io.netty.util.AttributeKey.<clinit>(AttributeKey.java:27) ~[netty-common-4.1.82.Final.jar%2382!/:4.1.82.Final]
	at net.minecraftforge.network.NetworkConstants.<clinit>(NetworkConstants.java:34) ~[forge-1.20.1-47.3.7-universal.jar%23174!/:?]
	at net.minecraftforge.common.ForgeMod.<init>(ForgeMod.java:429) ~[forge-1.20.1-47.3.7-universal.jar%23174!/:?]
	at jdk.internal.reflect.NativeConstructorAccessorImpl.newInstance0(Native Method) ~[?:?]
	at jdk.internal.reflect.NativeConstructorAccessorImpl.newInstance(NativeConstructorAccessorImpl.java:77) ~[?:?]
	at jdk.internal.reflect.DelegatingConstructorAccessorImpl.newInstance(DelegatingConstructorAccessorImpl.java:45) ~[?:?]
	at java.lang.reflect.Constructor.newInstanceWithCaller(Constructor.java:500) ~[?:?]
	at java.lang.reflect.Constructor.newInstance(Constructor.java:481) ~[?:?]
	at net.minecraftforge.fml.javafmlmod.FMLModContainer.constructMod(FMLModContainer.java:70) ~[javafmllanguage-1.20.1-47.3.7.jar%23171!/:?]
	at net.minecraftforge.fml.ModContainer.lambda$buildTransitionHandler$4(ModContainer.java:124) ~[fmlcore-1.20.1-47.3.7.jar%23170!/:?]
	at java.util.concurrent.CompletableFuture$AsyncRun.run(CompletableFuture.java:1804) ~[?:?]
	at java.util.concurrent.CompletableFuture$AsyncRun.exec(CompletableFuture.java:1796) ~[?:?]
	at java.util.concurrent.ForkJoinTask.doExec(ForkJoinTask.java:373) ~[?:?]
	at java.util.concurrent.ForkJoinPool$WorkQueue.topLevelExec(ForkJoinPool.java:1182) ~[?:?]
	at java.util.concurrent.ForkJoinPool.scan(ForkJoinPool.java:1655) ~[?:?]
	at java.util.concurrent.ForkJoinPool.runWorker(ForkJoinPool.java:1622) ~[?:?]
	at java.util.concurrent.ForkJoinWorkerThread.run(ForkJoinWorkerThread.java:165) ~[?:?]
[31May2025 22:25:04.930] [modloading-worker-0/DEBUG] [io.netty.util.internal.PlatformDependent0/]: java.nio.DirectByteBuffer.<init>(long, int): unavailable
[31May2025 22:25:04.930] [modloading-worker-0/DEBUG] [io.netty.util.internal.PlatformDependent/]: sun.misc.Unsafe: available
[31May2025 22:25:04.930] [modloading-worker-0/DEBUG] [io.netty.util.internal.PlatformDependent/]: maxDirectMemory: 17179869184 bytes (maybe)
[31May2025 22:25:04.931] [modloading-worker-0/DEBUG] [io.netty.util.internal.PlatformDependent/]: -Dio.netty.tmpdir: /tmp (java.io.tmpdir)
[31May2025 22:25:04.931] [modloading-worker-0/DEBUG] [io.netty.util.internal.PlatformDependent/]: -Dio.netty.bitMode: 64 (sun.arch.data.model)
[31May2025 22:25:04.931] [modloading-worker-0/DEBUG] [io.netty.util.internal.PlatformDependent/]: -Dio.netty.maxDirectMemory: -1 bytes
[31May2025 22:25:04.931] [modloading-worker-0/DEBUG] [io.netty.util.internal.PlatformDependent/]: -Dio.netty.uninitializedArrayAllocationThreshold: -1
[31May2025 22:25:04.932] [modloading-worker-0/DEBUG] [io.netty.util.internal.CleanerJava9/]: java.nio.ByteBuffer.cleaner(): available
[31May2025 22:25:04.932] [modloading-worker-0/DEBUG] [io.netty.util.internal.PlatformDependent/]: -Dio.netty.noPreferDirect: false
[31May2025 22:25:04.938] [modloading-worker-0/DEBUG] [net.minecraftforge.fml.config.ConfigTracker/CONFIG]: Config file aquaculture-common.toml for aquaculture tracking
[31May2025 22:25:04.943] [modloading-worker-0/DEBUG] [net.minecraftforge.fml.javafmlmod.AutomaticEventSubscriber/LOADING]: Attempting to inject @EventBusSubscriber classes into the eventbus for aquaculture
[31May2025 22:25:04.944] [modloading-worker-0/DEBUG] [net.minecraftforge.fml.javafmlmod.AutomaticEventSubscriber/LOADING]: Auto-subscribing com.teammetallurgy.aquaculture.misc.NeptunesMight to FORGE
[31May2025 22:25:04.944] [modloading-worker-0/DEBUG] [net.minecraftforge.fml.javafmlmod.AutomaticEventSubscriber/LOADING]: Auto-subscribing com.teammetallurgy.aquaculture.misc.FurnaceFuel to FORGE
[31May2025 22:25:04.946] [modloading-worker-0/DEBUG] [net.minecraftforge.fml.javafmlmod.AutomaticEventSubscriber/LOADING]: Auto-subscribing com.teammetallurgy.aquaculture.loot.FishWeightHandler to FORGE
[31May2025 22:25:04.953] [modloading-worker-0/DEBUG] [net.minecraftforge.fml.javafmlmod.AutomaticEventSubscriber/LOADING]: Auto-subscribing com.teammetallurgy.aquaculture.item.neptunium.NeptuniumArmor to FORGE
[31May2025 22:25:04.962] [modloading-worker-0/DEBUG] [net.minecraftforge.fml.javafmlmod.AutomaticEventSubscriber/LOADING]: Auto-subscribing com.teammetallurgy.aquaculture.item.crafting.ConditionFactory to MOD
[31May2025 22:25:04.963] [modloading-worker-0/DEBUG] [net.minecraftforge.fml.javafmlmod.AutomaticEventSubscriber/LOADING]: Auto-subscribing com.teammetallurgy.aquaculture.init.FishRegistry to MOD
[31May2025 22:25:04.963] [modloading-worker-0/DEBUG] [net.minecraftforge.fml.javafmlmod.AutomaticEventSubscriber/LOADING]: Auto-subscribing com.teammetallurgy.aquaculture.init.AquaLootTables to FORGE
[31May2025 22:25:04.974] [modloading-worker-0/DEBUG] [net.minecraftforge.fml.javafmlmod.AutomaticEventSubscriber/LOADING]: Auto-subscribing com.teammetallurgy.aquaculture.init.AquaEntities to MOD
[31May2025 22:25:04.975] [modloading-worker-0/DEBUG] [net.minecraftforge.fml.javafmlmod.AutomaticEventSubscriber/LOADING]: Auto-subscribing com.teammetallurgy.aquaculture.api.fishing.Hooks to FORGE
[31May2025 22:25:04.994] [modloading-worker-0/DEBUG] [net.minecraftforge.common.ForgeMod/FORGEMOD]: Loading Network data for FML net version: FML3
[31May2025 22:25:05.008] [modloading-worker-0/DEBUG] [net.minecraftforge.fml.config.ConfigTracker/CONFIG]: Config file forge-client.toml for forge tracking
[31May2025 22:25:05.012] [modloading-worker-0/DEBUG] [net.minecraftforge.fml.config.ConfigTracker/CONFIG]: Config file forge-server.toml for forge tracking
[31May2025 22:25:05.012] [modloading-worker-0/DEBUG] [net.minecraftforge.fml.ModLoadingContext/]: Attempted to register an empty config for type COMMON on mod forge
[31May2025 22:25:05.026] [modloading-worker-0/DEBUG] [net.minecraftforge.fml.javafmlmod.AutomaticEventSubscriber/LOADING]: Attempting to inject @EventBusSubscriber classes into the eventbus for forge
[31May2025 22:25:05.027] [modloading-worker-0/DEBUG] [net.minecraftforge.fml.javafmlmod.AutomaticEventSubscriber/LOADING]: Auto-subscribing net.minecraftforge.common.ForgeSpawnEggItem$CommonHandler to MOD
[31May2025 22:25:05.139] [modloading-worker-0/DEBUG] [net.minecraftforge.fml.javafmlmod.AutomaticEventSubscriber/LOADING]: Attempting to inject @EventBusSubscriber classes into the eventbus for arphex
[31May2025 22:25:05.140] [modloading-worker-0/DEBUG] [net.minecraftforge.fml.javafmlmod.AutomaticEventSubscriber/LOADING]: Auto-subscribing net.arphex.world.inventory.SuperBackpackMenu to FORGE
[31May2025 22:25:05.168] [modloading-worker-0/DEBUG] [net.minecraftforge.fml.javafmlmod.AutomaticEventSubscriber/LOADING]: Auto-subscribing net.arphex.world.features.treedecorators.WebbedWastelandFruitDecorator to MOD
[31May2025 22:25:05.171] [modloading-worker-0/DEBUG] [net.minecraftforge.fml.javafmlmod.AutomaticEventSubscriber/LOADING]: Auto-subscribing net.arphex.world.features.treedecorators.CrawlingCanopyTrunkDecorator to MOD
[31May2025 22:25:05.172] [modloading-worker-0/DEBUG] [net.minecraftforge.fml.javafmlmod.AutomaticEventSubscriber/LOADING]: Auto-subscribing net.arphex.world.features.treedecorators.CrawlingCanopyLeaveDecorator to MOD
[31May2025 22:25:05.173] [modloading-worker-0/DEBUG] [net.minecraftforge.fml.javafmlmod.AutomaticEventSubscriber/LOADING]: Auto-subscribing net.arphex.world.features.treedecorators.CrawlingCanopyFruitDecorator to MOD
[31May2025 22:25:05.174] [modloading-worker-0/DEBUG] [net.minecraftforge.fml.javafmlmod.AutomaticEventSubscriber/LOADING]: Auto-subscribing net.arphex.world.features.StructureFeature to FORGE
[31May2025 22:25:05.174] [modloading-worker-0/DEBUG] [net.minecraftforge.fml.javafmlmod.AutomaticEventSubscriber/LOADING]: Auto-subscribing net.arphex.world.dimension.TheCrawlingDimension to FORGE
[31May2025 22:25:05.175] [modloading-worker-0/DEBUG] [net.minecraftforge.fml.javafmlmod.AutomaticEventSubscriber/LOADING]: Auto-subscribing net.arphex.world.dimension.TheCrawlingDimension$DimensionSpecialEffectsHandler to MOD
[31May2025 22:25:05.175] [modloading-worker-0/DEBUG] [net.minecraftforge.fml.javafmlmod.AutomaticEventSubscriber/LOADING]: Auto-subscribing net.arphex.recipes.brewing.NecrosisPotionBrewingRecipe to MOD
[31May2025 22:25:05.176] [modloading-worker-0/DEBUG] [net.minecraftforge.fml.javafmlmod.AutomaticEventSubscriber/LOADING]: Auto-subscribing net.arphex.recipes.brewing.NecrosisPotion2BrewingRecipe to MOD
[31May2025 22:25:05.180] [modloading-worker-0/DEBUG] [net.minecraftforge.fml.javafmlmod.AutomaticEventSubscriber/LOADING]: Auto-subscribing net.arphex.procedures.WorldTickProcedure to FORGE
[31May2025 22:25:05.181] [modloading-worker-0/DEBUG] [net.minecraftforge.fml.javafmlmod.AutomaticEventSubscriber/LOADING]: Auto-subscribing net.arphex.procedures.WorldLoadProcedure to FORGE
[31May2025 22:25:05.182] [modloading-worker-0/DEBUG] [net.minecraftforge.fml.javafmlmod.AutomaticEventSubscriber/LOADING]: Auto-subscribing net.arphex.procedures.SummonAltarProcedure to FORGE
[31May2025 22:25:05.184] [modloading-worker-0/DEBUG] [net.minecraftforge.fml.javafmlmod.AutomaticEventSubscriber/LOADING]: Auto-subscribing net.arphex.procedures.SpiderShieldProcedure to FORGE
[31May2025 22:25:05.185] [modloading-worker-0/DEBUG] [net.minecraftforge.fml.javafmlmod.AutomaticEventSubscriber/LOADING]: Auto-subscribing net.arphex.procedures.SpiderMothDwellerEntityVisualScaleProcedure to FORGE
[31May2025 22:25:05.185] [modloading-worker-0/DEBUG] [net.minecraftforge.fml.javafmlmod.AutomaticEventSubscriber/LOADING]: Auto-subscribing net.arphex.procedures.SpiderMothDwellerBoundingBoxScaleProcedure to FORGE
[31May2025 22:25:05.186] [modloading-worker-0/DEBUG] [net.minecraftforge.fml.javafmlmod.AutomaticEventSubscriber/LOADING]: Auto-subscribing net.arphex.procedures.ScorpioidBloodlusterEntityVisualScaleProcedure to FORGE
[31May2025 22:25:05.188] [modloading-worker-0/DEBUG] [net.minecraftforge.fml.javafmlmod.AutomaticEventSubscriber/LOADING]: Auto-subscribing net.arphex.procedures.RushScareSolidBoundingBoxConditionProcedure to FORGE
[31May2025 22:25:05.190] [modloading-worker-0/DEBUG] [net.minecraftforge.fml.javafmlmod.AutomaticEventSubscriber/LOADING]: Auto-subscribing net.arphex.procedures.RightClickEntityProcedure to FORGE
[31May2025 22:25:05.192] [modloading-worker-0/DEBUG] [net.minecraftforge.fml.javafmlmod.AutomaticEventSubscriber/LOADING]: Auto-subscribing net.arphex.procedures.RightClickBlockProcedure to FORGE
[31May2025 22:25:05.195] [modloading-worker-0/DEBUG] [net.minecraftforge.fml.javafmlmod.AutomaticEventSubscriber/LOADING]: Auto-subscribing net.arphex.procedures.PlayerTriesToSleepProcedure to FORGE
[31May2025 22:25:05.197] [modloading-worker-0/DEBUG] [net.minecraftforge.fml.javafmlmod.AutomaticEventSubscriber/LOADING]: Auto-subscribing net.arphex.procedures.PlayerSleepsProcedure to FORGE
[31May2025 22:25:05.198] [modloading-worker-0/DEBUG] [net.minecraftforge.fml.javafmlmod.AutomaticEventSubscriber/LOADING]: Auto-subscribing net.arphex.procedures.PlayerChatTormentorProcedure to FORGE
[31May2025 22:25:05.200] [modloading-worker-0/DEBUG] [net.minecraftforge.fml.javafmlmod.AutomaticEventSubscriber/LOADING]: Auto-subscribing net.arphex.procedures.PlayerChangesDimensionProcedure to FORGE
[31May2025 22:25:05.203] [modloading-worker-0/DEBUG] [net.minecraftforge.fml.javafmlmod.AutomaticEventSubscriber/LOADING]: Auto-subscribing net.arphex.procedures.NoDropDimensionProcedure to FORGE
[31May2025 22:25:05.204] [modloading-worker-0/DEBUG] [net.minecraftforge.fml.javafmlmod.AutomaticEventSubscriber/LOADING]: Auto-subscribing net.arphex.procedures.MaggotOnInitialEntitySpawnProcedure to FORGE
[31May2025 22:25:05.204] [modloading-worker-0/DEBUG] [net.minecraftforge.fml.javafmlmod.AutomaticEventSubscriber/LOADING]: Auto-subscribing net.arphex.procedures.HitBlockProcedure to FORGE
[31May2025 22:25:05.206] [modloading-worker-0/DEBUG] [net.minecraftforge.fml.javafmlmod.AutomaticEventSubscriber/LOADING]: Auto-subscribing net.arphex.procedures.GameModeDetectorProcedure to FORGE
[31May2025 22:25:05.212] [modloading-worker-0/DEBUG] [net.minecraftforge.fml.javafmlmod.AutomaticEventSubscriber/LOADING]: Auto-subscribing net.arphex.procedures.EntitySpawnsProcedure to FORGE
[31May2025 22:25:05.213] [modloading-worker-0/DEBUG] [net.minecraftforge.fml.javafmlmod.AutomaticEventSubscriber/LOADING]: Auto-subscribing net.arphex.procedures.EntitySpawnProcedure to FORGE
[31May2025 22:25:05.214] [modloading-worker-0/DEBUG] [net.minecraftforge.fml.javafmlmod.AutomaticEventSubscriber/LOADING]: Auto-subscribing net.arphex.procedures.EntityJumpsProcedure to FORGE
[31May2025 22:25:05.215] [modloading-worker-0/DEBUG] [net.minecraftforge.fml.javafmlmod.AutomaticEventSubscriber/LOADING]: Auto-subscribing net.arphex.procedures.EntityJoinsWorldProcedure to FORGE
[31May2025 22:25:05.216] [modloading-worker-0/DEBUG] [net.minecraftforge.fml.javafmlmod.AutomaticEventSubscriber/LOADING]: Auto-subscribing net.arphex.procedures.EntityHurtWithoutSourceProcedure to FORGE
[31May2025 22:25:05.217] [modloading-worker-0/DEBUG] [net.minecraftforge.fml.javafmlmod.AutomaticEventSubscriber/LOADING]: Auto-subscribing net.arphex.procedures.EntityDiesProcedure to FORGE
[31May2025 22:25:05.219] [modloading-worker-0/DEBUG] [net.minecraftforge.fml.javafmlmod.AutomaticEventSubscriber/LOADING]: Auto-subscribing net.arphex.procedures.EntitiesTickProcedure to FORGE
[31May2025 22:25:05.224] [modloading-worker-0/DEBUG] [net.minecraftforge.fml.javafmlmod.AutomaticEventSubscriber/LOADING]: Auto-subscribing net.arphex.procedures.DwellerTargetProcedure to FORGE
[31May2025 22:25:05.226] [modloading-worker-0/DEBUG] [net.minecraftforge.fml.javafmlmod.AutomaticEventSubscriber/LOADING]: Auto-subscribing net.arphex.procedures.DwellerLifestealProcedure to FORGE
[31May2025 22:25:05.233] [modloading-worker-0/DEBUG] [net.minecraftforge.fml.javafmlmod.AutomaticEventSubscriber/LOADING]: Auto-subscribing net.arphex.procedures.DimensionTickProcedure to FORGE
[31May2025 22:25:05.235] [modloading-worker-0/DEBUG] [net.minecraftforge.fml.javafmlmod.AutomaticEventSubscriber/LOADING]: Auto-subscribing net.arphex.procedures.DiesWithoutSourceProcedure to FORGE
[31May2025 22:25:05.237] [modloading-worker-0/DEBUG] [net.minecraftforge.fml.javafmlmod.AutomaticEventSubscriber/LOADING]: Auto-subscribing net.arphex.procedures.CriticalHitProcedure to FORGE
[31May2025 22:25:05.241] [modloading-worker-0/DEBUG] [net.minecraftforge.fml.javafmlmod.AutomaticEventSubscriber/LOADING]: Auto-subscribing net.arphex.procedures.ClimbingProcedure to FORGE
[31May2025 22:25:05.242] [modloading-worker-0/DEBUG] [net.minecraftforge.fml.javafmlmod.AutomaticEventSubscriber/LOADING]: Auto-subscribing net.arphex.procedures.BloodWormOnInitialEntitySpawnProcedure to FORGE
[31May2025 22:25:05.243] [modloading-worker-0/DEBUG] [net.minecraftforge.fml.javafmlmod.AutomaticEventSubscriber/LOADING]: Auto-subscribing net.arphex.procedures.BloodWormEntityVisualScaleProcedure to FORGE
[31May2025 22:25:05.245] [modloading-worker-0/DEBUG] [net.minecraftforge.fml.javafmlmod.AutomaticEventSubscriber/LOADING]: Auto-subscribing net.arphex.procedures.AnyItemUsedProcedure to FORGE
[31May2025 22:25:05.247] [modloading-worker-0/DEBUG] [net.minecraftforge.fml.javafmlmod.AutomaticEventSubscriber/LOADING]: Auto-subscribing net.arphex.procedures.AnimationTransferProcedure to FORGE
[31May2025 22:25:05.248] [modloading-worker-0/DEBUG] [net.minecraftforge.fml.javafmlmod.AutomaticEventSubscriber/LOADING]: Auto-subscribing net.arphex.network.SpacePressMessage to MOD
[31May2025 22:25:05.249] [modloading-worker-0/DEBUG] [net.minecraftforge.fml.javafmlmod.AutomaticEventSubscriber/LOADING]: Auto-subscribing net.arphex.network.ArphexModVariables to MOD
[31May2025 22:25:05.250] [modloading-worker-0/DEBUG] [net.minecraftforge.fml.javafmlmod.AutomaticEventSubscriber/LOADING]: Auto-subscribing net.arphex.network.ArphexModVariables$PlayerVariablesProvider to FORGE
[31May2025 22:25:05.251] [modloading-worker-0/DEBUG] [net.minecraftforge.fml.javafmlmod.AutomaticEventSubscriber/LOADING]: Auto-subscribing net.arphex.network.ArphexModVariables$EventBusVariableHandlers to FORGE
[31May2025 22:25:05.255] [modloading-worker-0/DEBUG] [net.minecraftforge.fml.javafmlmod.AutomaticEventSubscriber/LOADING]: Auto-subscribing net.arphex.init.EntityAnimationFactory to FORGE
[31May2025 22:25:05.256] [modloading-worker-0/DEBUG] [net.minecraftforge.fml.javafmlmod.AutomaticEventSubscriber/LOADING]: Auto-subscribing net.arphex.init.ArphexModFuels to FORGE
[31May2025 22:25:05.257] [modloading-worker-0/DEBUG] [net.minecraftforge.fml.javafmlmod.AutomaticEventSubscriber/LOADING]: Auto-subscribing net.arphex.init.ArphexModFeatures to FORGE
[31May2025 22:25:05.257] [modloading-worker-0/DEBUG] [net.minecraftforge.fml.javafmlmod.AutomaticEventSubscriber/LOADING]: Auto-subscribing net.arphex.init.ArphexModEntities to MOD
[31May2025 22:25:05.257] [modloading-worker-0/DEBUG] [net.minecraftforge.fml.javafmlmod.AutomaticEventSubscriber/LOADING]: Auto-subscribing net.arphex.init.ArphexModConfigs to MOD
[31May2025 22:25:05.258] [modloading-worker-0/DEBUG] [net.minecraftforge.fml.javafmlmod.AutomaticEventSubscriber/LOADING]: Auto-subscribing net.arphex.command.ArphexCommandCommand to FORGE
[31May2025 22:25:05.260] [main/DEBUG] [net.minecraftforge.fml.DeferredWorkQueue/LOADING]: Dispatching synchronous work for work queue CONSTRUCT: 2 jobs
[31May2025 22:25:05.263] [main/DEBUG] [net.minecraftforge.fml.config.ConfigTracker/CONFIG]: Config file gore_edition_configuration.toml for gore_edition tracking
[31May2025 22:25:05.264] [main/DEBUG] [net.minecraftforge.fml.config.ConfigTracker/CONFIG]: Config file gore_edition_sounds_configuration.toml for gore_edition tracking
[31May2025 22:25:05.265] [main/DEBUG] [net.minecraftforge.fml.config.ConfigTracker/CONFIG]: Config file gore_edition_mode_options.toml for gore_edition tracking
[31May2025 22:25:05.265] [main/DEBUG] [net.minecraftforge.fml.config.ConfigTracker/CONFIG]: Config file gore_edition_toughness_blacklist.toml for gore_edition tracking
[31May2025 22:25:05.266] [main/DEBUG] [net.minecraftforge.fml.config.ConfigTracker/CONFIG]: Config file gore_edition_other_cfg.toml for gore_edition tracking
[31May2025 22:25:05.267] [main/DEBUG] [net.minecraftforge.fml.config.ConfigTracker/CONFIG]: Config file ArPhEx Configurations.toml for arphex tracking
[31May2025 22:25:05.268] [main/DEBUG] [net.minecraftforge.fml.DeferredWorkQueue/LOADING]: Synchronous work queue completed in 6.841 ms
[31May2025 22:25:05.327] [main/DEBUG] [net.minecraftforge.common.capabilities.CapabilityManager/CAPABILITIES]: Attempting to automatically register: Lnet/minecraftforge/energy/IEnergyStorage;
[31May2025 22:25:05.327] [main/DEBUG] [net.minecraftforge.common.capabilities.CapabilityManager/CAPABILITIES]: Attempting to automatically register: Lnet/minecraftforge/fluids/capability/IFluidHandler;
[31May2025 22:25:05.327] [main/DEBUG] [net.minecraftforge.common.capabilities.CapabilityManager/CAPABILITIES]: Attempting to automatically register: Lnet/minecraftforge/fluids/capability/IFluidHandlerItem;
[31May2025 22:25:05.327] [main/DEBUG] [net.minecraftforge.common.capabilities.CapabilityManager/CAPABILITIES]: Attempting to automatically register: Lnet/minecraftforge/items/IItemHandler;
[31May2025 22:25:05.634] [main/INFO] [Diagonal Blocks/]: Constructing shapes for ForgeDiagonalFenceBlock[NodeWidth=2.0,ExtensionWidth=2.0,NodeTop=24.0,ExtensionBottom=0.0,ExtensionTop=24.0] took 119ms
[31May2025 22:25:05.700] [main/INFO] [Diagonal Blocks/]: Constructing shapes for ForgeDiagonalFenceBlock[NodeWidth=2.0,ExtensionWidth=2.0,NodeTop=16.0,ExtensionBottom=0.0,ExtensionTop=16.0] took 62ms
[31May2025 22:25:05.817] [main/INFO] [Diagonal Blocks/]: Constructing shapes for ForgeDiagonalFenceBlock[NodeWidth=2.0,ExtensionWidth=1.0,NodeTop=16.0,ExtensionBottom=6.0,ExtensionTop=15.0] took 109ms
[31May2025 22:25:06.002] [main/DEBUG] [mixin/]: Mixing MixinThermoregulatorBlockEntity from toughasnails.forge.mixins.json into toughasnails.block.entity.ThermoregulatorBlockEntity
[31May2025 22:25:06.013] [main/DEBUG] [mixin/]: Mixing MixinWaterPurifierBlockEntity from toughasnails.forge.mixins.json into toughasnails.block.entity.WaterPurifierBlockEntity
[31May2025 22:25:06.150] [main/DEBUG] [simpleradio/]: Loaded com.codinglitch.simpleradio.platform.ForgePlatformHelper@70eb197f for service interface com.codinglitch.simpleradio.platform.services.PlatformHelper
[31May2025 22:25:06.150] [main/DEBUG] [simpleradio/]: Loaded com.codinglitch.simpleradio.platform.ForgeNetworkingHelper@2bae60e8 for service interface com.codinglitch.simpleradio.platform.services.NetworkingHelper
[31May2025 22:25:06.151] [main/DEBUG] [simpleradio/]: Loaded com.codinglitch.simpleradio.platform.ForgeRegistryHelper@4a256169 for service interface com.codinglitch.simpleradio.platform.services.RegistryHelper
[31May2025 22:25:06.152] [main/DEBUG] [simpleradio/]: Loaded com.codinglitch.simpleradio.platform.ForgeCompatPlatform@223bbda6 for service interface com.codinglitch.simpleradio.platform.services.CompatPlatform
[31May2025 22:25:06.485] [main/DEBUG] [net.minecraftforge.fml.config.ConfigTracker/CONFIG]: Loading configs type COMMON
[31May2025 22:25:06.486] [main/DEBUG] [net.minecraftforge.fml.config.ConfigFileTypeHandler/CONFIG]: Built TOML config for /workspaces/sdgfgsfgsf/servidor_minecraft/config/cgm-common.toml
[31May2025 22:25:06.490] [main/DEBUG] [net.minecraftforge.fml.config.ConfigFileTypeHandler/CONFIG]: Loaded TOML config file /workspaces/sdgfgsfgsf/servidor_minecraft/config/cgm-common.toml
[31May2025 22:25:06.495] [main/DEBUG] [net.minecraftforge.fml.config.ConfigFileTypeHandler/CONFIG]: Watching TOML config file /workspaces/sdgfgsfgsf/servidor_minecraft/config/cgm-common.toml for changes
[31May2025 22:25:06.500] [Thread-1/DEBUG] [net.minecraftforge.fml.config.ConfigFileTypeHandler/CONFIG]: Config file cgm-common.toml changed, sending notifies
[31May2025 22:25:06.501] [main/DEBUG] [net.minecraftforge.fml.config.ConfigFileTypeHandler/CONFIG]: Built TOML config for /workspaces/sdgfgsfgsf/servidor_minecraft/config/sophisticatedcore-common.toml
[31May2025 22:25:06.502] [main/DEBUG] [net.minecraftforge.fml.config.ConfigFileTypeHandler/CONFIG]: Loaded TOML config file /workspaces/sdgfgsfgsf/servidor_minecraft/config/sophisticatedcore-common.toml
[31May2025 22:25:06.503] [Thread-1/DEBUG] [net.minecraftforge.fml.config.ConfigFileTypeHandler/CONFIG]: Config file cgm-common.toml changed, sending notifies
[31May2025 22:25:06.503] [main/DEBUG] [net.minecraftforge.fml.config.ConfigFileTypeHandler/CONFIG]: Watching TOML config file /workspaces/sdgfgsfgsf/servidor_minecraft/config/sophisticatedcore-common.toml for changes
[31May2025 22:25:06.503] [Thread-1/DEBUG] [net.minecraftforge.fml.config.ConfigFileTypeHandler/CONFIG]: Config file sophisticatedcore-common.toml changed, sending notifies
[31May2025 22:25:06.505] [Thread-1/DEBUG] [net.minecraftforge.fml.config.ConfigFileTypeHandler/CONFIG]: Config file sophisticatedcore-common.toml changed, sending notifies
[31May2025 22:25:06.505] [main/DEBUG] [net.minecraftforge.fml.config.ConfigFileTypeHandler/CONFIG]: Built TOML config for /workspaces/sdgfgsfgsf/servidor_minecraft/config/waystones-common.toml
[31May2025 22:25:06.507] [main/DEBUG] [net.minecraftforge.fml.config.ConfigFileTypeHandler/CONFIG]: Loaded TOML config file /workspaces/sdgfgsfgsf/servidor_minecraft/config/waystones-common.toml
[31May2025 22:25:06.507] [main/DEBUG] [net.minecraftforge.fml.config.ConfigFileTypeHandler/CONFIG]: Watching TOML config file /workspaces/sdgfgsfgsf/servidor_minecraft/config/waystones-common.toml for changes
[31May2025 22:25:06.509] [Thread-1/DEBUG] [net.minecraftforge.fml.config.ConfigFileTypeHandler/CONFIG]: Config file waystones-common.toml changed, sending notifies
[31May2025 22:25:06.510] [main/DEBUG] [net.minecraftforge.fml.config.ConfigFileTypeHandler/CONFIG]: Built TOML config for /workspaces/sdgfgsfgsf/servidor_minecraft/config/sophisticatedbackpacks-common.toml
[31May2025 22:25:06.511] [main/DEBUG] [net.minecraftforge.fml.config.ConfigFileTypeHandler/CONFIG]: Loaded TOML config file /workspaces/sdgfgsfgsf/servidor_minecraft/config/sophisticatedbackpacks-common.toml
[31May2025 22:25:06.511] [main/DEBUG] [net.minecraftforge.fml.config.ConfigFileTypeHandler/CONFIG]: Watching TOML config file /workspaces/sdgfgsfgsf/servidor_minecraft/config/sophisticatedbackpacks-common.toml for changes
[31May2025 22:25:06.512] [main/DEBUG] [net.minecraftforge.fml.config.ConfigFileTypeHandler/CONFIG]: Built TOML config for /workspaces/sdgfgsfgsf/servidor_minecraft/config/balm-common.toml
[31May2025 22:25:06.512] [main/DEBUG] [net.minecraftforge.fml.config.ConfigFileTypeHandler/CONFIG]: Loaded TOML config file /workspaces/sdgfgsfgsf/servidor_minecraft/config/balm-common.toml
[31May2025 22:25:06.512] [main/DEBUG] [net.minecraftforge.fml.config.ConfigFileTypeHandler/CONFIG]: Watching TOML config file /workspaces/sdgfgsfgsf/servidor_minecraft/config/balm-common.toml for changes
[31May2025 22:25:06.514] [main/DEBUG] [net.minecraftforge.fml.config.ConfigFileTypeHandler/CONFIG]: Built TOML config for /workspaces/sdgfgsfgsf/servidor_minecraft/config/carryon-common.toml
[31May2025 22:25:06.514] [Thread-1/DEBUG] [net.minecraftforge.fml.config.ConfigFileTypeHandler/CONFIG]: Config file waystones-common.toml changed, sending notifies
[31May2025 22:25:06.514] [main/DEBUG] [net.minecraftforge.fml.config.ConfigFileTypeHandler/CONFIG]: Loaded TOML config file /workspaces/sdgfgsfgsf/servidor_minecraft/config/carryon-common.toml
[31May2025 22:25:06.515] [main/DEBUG] [net.minecraftforge.fml.config.ConfigFileTypeHandler/CONFIG]: Watching TOML config file /workspaces/sdgfgsfgsf/servidor_minecraft/config/carryon-common.toml for changes
[31May2025 22:25:06.554] [main/DEBUG] [net.minecraftforge.fml.config.ConfigFileTypeHandler/CONFIG]: Built TOML config for /workspaces/sdgfgsfgsf/servidor_minecraft/config/scuba_gear-common.toml
[31May2025 22:25:06.554] [main/DEBUG] [net.minecraftforge.fml.config.ConfigFileTypeHandler/CONFIG]: Loaded TOML config file /workspaces/sdgfgsfgsf/servidor_minecraft/config/scuba_gear-common.toml
[31May2025 22:25:06.555] [main/DEBUG] [net.minecraftforge.fml.config.ConfigFileTypeHandler/CONFIG]: Watching TOML config file /workspaces/sdgfgsfgsf/servidor_minecraft/config/scuba_gear-common.toml for changes
[31May2025 22:25:06.555] [Thread-1/DEBUG] [net.minecraftforge.fml.config.ConfigFileTypeHandler/CONFIG]: Config file scuba_gear-common.toml changed, sending notifies
[31May2025 22:25:06.555] [main/DEBUG] [net.minecraftforge.fml.config.ConfigFileTypeHandler/CONFIG]: Built TOML config for /workspaces/sdgfgsfgsf/servidor_minecraft/config/aquaculture-common.toml
[31May2025 22:25:06.556] [main/DEBUG] [net.minecraftforge.fml.config.ConfigFileTypeHandler/CONFIG]: Loaded TOML config file /workspaces/sdgfgsfgsf/servidor_minecraft/config/aquaculture-common.toml
[31May2025 22:25:06.556] [main/DEBUG] [net.minecraftforge.fml.config.ConfigFileTypeHandler/CONFIG]: Watching TOML config file /workspaces/sdgfgsfgsf/servidor_minecraft/config/aquaculture-common.toml for changes
[31May2025 22:25:06.556] [Thread-1/DEBUG] [net.minecraftforge.fml.config.ConfigFileTypeHandler/CONFIG]: Config file scuba_gear-common.toml changed, sending notifies
[31May2025 22:25:06.557] [main/DEBUG] [net.minecraftforge.fml.config.ConfigFileTypeHandler/CONFIG]: Built TOML config for /workspaces/sdgfgsfgsf/servidor_minecraft/config/gore_edition_configuration.toml
[31May2025 22:25:06.557] [main/DEBUG] [net.minecraftforge.fml.config.ConfigFileTypeHandler/CONFIG]: Loaded TOML config file /workspaces/sdgfgsfgsf/servidor_minecraft/config/gore_edition_configuration.toml
[31May2025 22:25:06.558] [main/DEBUG] [net.minecraftforge.fml.config.ConfigFileTypeHandler/CONFIG]: Watching TOML config file /workspaces/sdgfgsfgsf/servidor_minecraft/config/gore_edition_configuration.toml for changes
[31May2025 22:25:06.558] [Thread-1/DEBUG] [net.minecraftforge.fml.config.ConfigFileTypeHandler/CONFIG]: Config file gore_edition_configuration.toml changed, sending notifies
[31May2025 22:25:06.559] [main/DEBUG] [net.minecraftforge.fml.config.ConfigFileTypeHandler/CONFIG]: Built TOML config for /workspaces/sdgfgsfgsf/servidor_minecraft/config/gore_edition_sounds_configuration.toml
[31May2025 22:25:06.559] [Thread-1/DEBUG] [net.minecraftforge.fml.config.ConfigFileTypeHandler/CONFIG]: Config file gore_edition_configuration.toml changed, sending notifies
[31May2025 22:25:06.559] [main/DEBUG] [net.minecraftforge.fml.config.ConfigFileTypeHandler/CONFIG]: Loaded TOML config file /workspaces/sdgfgsfgsf/servidor_minecraft/config/gore_edition_sounds_configuration.toml
[31May2025 22:25:06.560] [main/DEBUG] [net.minecraftforge.fml.config.ConfigFileTypeHandler/CONFIG]: Watching TOML config file /workspaces/sdgfgsfgsf/servidor_minecraft/config/gore_edition_sounds_configuration.toml for changes
[31May2025 22:25:06.560] [Thread-1/DEBUG] [net.minecraftforge.fml.config.ConfigFileTypeHandler/CONFIG]: Config file gore_edition_sounds_configuration.toml changed, sending notifies
[31May2025 22:25:06.561] [main/DEBUG] [net.minecraftforge.fml.config.ConfigFileTypeHandler/CONFIG]: Built TOML config for /workspaces/sdgfgsfgsf/servidor_minecraft/config/gore_edition_mode_options.toml
[31May2025 22:25:06.561] [main/DEBUG] [net.minecraftforge.fml.config.ConfigFileTypeHandler/CONFIG]: Loaded TOML config file /workspaces/sdgfgsfgsf/servidor_minecraft/config/gore_edition_mode_options.toml
[31May2025 22:25:06.561] [Thread-1/DEBUG] [net.minecraftforge.fml.config.ConfigFileTypeHandler/CONFIG]: Config file gore_edition_sounds_configuration.toml changed, sending notifies
[31May2025 22:25:06.561] [main/DEBUG] [net.minecraftforge.fml.config.ConfigFileTypeHandler/CONFIG]: Watching TOML config file /workspaces/sdgfgsfgsf/servidor_minecraft/config/gore_edition_mode_options.toml for changes
[31May2025 22:25:06.562] [main/DEBUG] [net.minecraftforge.fml.config.ConfigFileTypeHandler/CONFIG]: Built TOML config for /workspaces/sdgfgsfgsf/servidor_minecraft/config/gore_edition_toughness_blacklist.toml
[31May2025 22:25:06.562] [main/DEBUG] [net.minecraftforge.fml.config.ConfigFileTypeHandler/CONFIG]: Loaded TOML config file /workspaces/sdgfgsfgsf/servidor_minecraft/config/gore_edition_toughness_blacklist.toml
[31May2025 22:25:06.563] [main/DEBUG] [net.minecraftforge.fml.config.ConfigFileTypeHandler/CONFIG]: Watching TOML config file /workspaces/sdgfgsfgsf/servidor_minecraft/config/gore_edition_toughness_blacklist.toml for changes
[31May2025 22:25:06.563] [main/DEBUG] [net.minecraftforge.fml.config.ConfigFileTypeHandler/CONFIG]: Built TOML config for /workspaces/sdgfgsfgsf/servidor_minecraft/config/gore_edition_other_cfg.toml
[31May2025 22:25:06.564] [main/DEBUG] [net.minecraftforge.fml.config.ConfigFileTypeHandler/CONFIG]: Loaded TOML config file /workspaces/sdgfgsfgsf/servidor_minecraft/config/gore_edition_other_cfg.toml
[31May2025 22:25:06.564] [main/DEBUG] [net.minecraftforge.fml.config.ConfigFileTypeHandler/CONFIG]: Watching TOML config file /workspaces/sdgfgsfgsf/servidor_minecraft/config/gore_edition_other_cfg.toml for changes
[31May2025 22:25:06.566] [main/DEBUG] [net.minecraftforge.fml.config.ConfigFileTypeHandler/CONFIG]: Built TOML config for /workspaces/sdgfgsfgsf/servidor_minecraft/config/ArPhEx Configurations.toml
[31May2025 22:25:06.567] [main/DEBUG] [net.minecraftforge.fml.config.ConfigFileTypeHandler/CONFIG]: Loaded TOML config file /workspaces/sdgfgsfgsf/servidor_minecraft/config/ArPhEx Configurations.toml
[31May2025 22:25:06.567] [main/DEBUG] [net.minecraftforge.fml.config.ConfigFileTypeHandler/CONFIG]: Watching TOML config file /workspaces/sdgfgsfgsf/servidor_minecraft/config/ArPhEx Configurations.toml for changes
[31May2025 22:25:06.567] [Thread-1/DEBUG] [net.minecraftforge.fml.config.ConfigFileTypeHandler/CONFIG]: Config file gore_edition_other_cfg.toml changed, sending notifies
[31May2025 22:25:06.568] [Thread-1/DEBUG] [net.minecraftforge.fml.config.ConfigFileTypeHandler/CONFIG]: Config file ArPhEx Configurations.toml changed, sending notifies
[31May2025 22:25:06.570] [Thread-1/DEBUG] [net.minecraftforge.fml.config.ConfigFileTypeHandler/CONFIG]: Config file ArPhEx Configurations.toml changed, sending notifies
[31May2025 22:25:06.624] [modloading-worker-0/INFO] [voicechat/]: [voicechat] Compatibility version 18
[31May2025 22:25:06.718] [modloading-worker-0/INFO] [voicechat/]: [voicechat] Loading plugins
[31May2025 22:25:06.728] [modloading-worker-0/INFO] [voicechat/]: [voicechat] Loaded 2 plugin(s)
[31May2025 22:25:06.729] [modloading-worker-0/INFO] [voicechat/]: [voicechat] Initializing plugins
[31May2025 22:25:06.745] [modloading-worker-0/INFO] [Sound Physics - General/]: Initializing Simple Voice Chat integration
[31May2025 22:25:06.746] [modloading-worker-0/INFO] [voicechat/]: [voicechat] Initialized 2 plugin(s)
[31May2025 22:25:06.747] [modloading-worker-0/INFO] [voicechat/]: [voicechat] Registering events for 'sound_physics_remastered'
[31May2025 22:25:06.753] [modloading-worker-0/INFO] [voicechat/]: [voicechat] Registering events for 'simpleradio'
[31May2025 22:25:06.773] [main/DEBUG] [net.minecraftforge.fml.DeferredWorkQueue/LOADING]: Dispatching synchronous work for work queue COMMON_SETUP: 25 jobs
[31May2025 22:25:06.842] [main/INFO] [Framework/SYNCED_ENTITY_DATA]: Registered synced data key cgm:aiming for minecraft:player
[31May2025 22:25:06.842] [main/INFO] [Framework/SYNCED_ENTITY_DATA]: Registered synced data key cgm:reloading for minecraft:player
[31May2025 22:25:06.842] [main/INFO] [Framework/SYNCED_ENTITY_DATA]: Registered synced data key cgm:shooting for minecraft:player
[31May2025 22:25:07.036] [main/DEBUG] [net.minecraftforge.fml.DeferredWorkQueue/LOADING]: Synchronous work queue completed in 263.1 ms
[31May2025 22:25:07.061] [Forge Version Check/INFO] [net.minecraftforge.fml.VersionChecker/]: [betteranimationscollection] Starting version check at https://raw.githubusercontent.com/Fuzss/modresources/main/update/betteranimationscollection.json
[31May2025 22:25:07.062] [modloading-worker-0/INFO] [Lexiconfig/]: Cataloging lexicon com.codinglitch.simpleradio.SimpleRadioServerConfig@76ad4aed!
[31May2025 22:25:07.096] [modloading-worker-0/INFO] [Lexiconfig/]: Lexiconfig cataloging completed!
[31May2025 22:25:07.621] [Forge Version Check/DEBUG] [net.minecraftforge.fml.VersionChecker/]: [betteranimationscollection] Received version check data:
{
    "homepage": "https://www.curseforge.com/minecraft/mc-mods/better-animations-collection",
    "promos": {
        "1.16.2-latest": "1.2.4",
        "1.16.2-recommended": "1.2.4",
        "1.16.3-latest": "1.2.4",
        "1.16.3-recommended": "1.2.4",
        "1.16.4-latest": "1.2.4",
        "1.16.4-recommended": "1.2.4",
        "1.16.5-latest": "1.2.4",
        "1.16.5-recommended": "1.2.4",
        "1.19.2-latest": "4.0.5",
        "1.19.2-recommended": "4.0.5",
        "1.19.3-latest": "5.0.0",
        "1.19.3-recommended": "5.0.0",
        "1.19.4-latest": "6.0.0",
        "1.19.4-recommended": "6.0.0",
        "1.18.2-latest": "3.0.0",
        "1.18.2-recommended": "3.0.0",
        "1.20-latest": "7.0.0",
        "1.20-recommended": "7.0.0",
        "1.20.1-latest": "8.0.0",
        "1.20.1-recommended": "8.0.0",
        "1.20.4-latest": "20.4.0",
        "1.20.4-recommended": "20.4.0",
        "1.21-latest": "21.0.0",
        "1.21-recommended": "21.0.0",
        "1.21.1-latest": "21.1.0",
        "1.21.1-recommended": "21.1.0",
        "1.21.3-latest": "21.3.1",
        "1.21.3-recommended": "21.3.1",
        "1.21.4-latest": "21.4.0",
        "1.21.4-recommended": "21.4.0",
        "1.21.5-latest": "21.5.0",
        "1.21.5-recommended": "21.5.0"
    }
}
[31May2025 22:25:07.622] [Forge Version Check/INFO] [net.minecraftforge.fml.VersionChecker/]: [betteranimationscollection] Found status: UP_TO_DATE Current: 8.0.0 Target: null
[31May2025 22:25:07.622] [Forge Version Check/INFO] [net.minecraftforge.fml.VersionChecker/]: [cgm] Starting version check at https://raw.githubusercontent.com/MrCrayfish/ModUpdates/master/cgm/update.json
[31May2025 22:25:07.721] [Forge Version Check/DEBUG] [net.minecraftforge.fml.VersionChecker/]: [cgm] Received version check data:
{
    "homepage": "https://mrcrayfish.com/mods?id=cgm",
    "promos": {
        "1.12.2-latest": "0.15.3",
        "1.15.2-latest": "1.0.0",
        "1.16.3-latest": "1.0.1"
    }
}
[31May2025 22:25:07.721] [Forge Version Check/INFO] [net.minecraftforge.fml.VersionChecker/]: [cgm] Found status: BETA Current: 1.4.18 Target: null
[31May2025 22:25:07.722] [Forge Version Check/INFO] [net.minecraftforge.fml.VersionChecker/]: [visualworkbench] Starting version check at https://raw.githubusercontent.com/Fuzss/modresources/main/update/visualworkbench.json
[31May2025 22:25:07.735] [Forge Version Check/DEBUG] [net.minecraftforge.fml.VersionChecker/]: [visualworkbench] Received version check data:
{
    "homepage": "https://www.curseforge.com/minecraft/mc-mods/visual-workbench",
    "promos": {
        "1.17.1-latest": "2.0.0",
        "1.17.1-recommended": "2.0.0",
        "1.18-latest": "3.1.0",
        "1.18-recommended": "3.1.0",
        "1.18.1-latest": "3.1.0",
        "1.18.1-recommended": "3.1.0",
        "1.18.2-latest": "3.3.0",
        "1.18.2-recommended": "3.3.0",
        "1.19-latest": "4.0.0",
        "1.19-recommended": "4.0.0",
        "1.19.1-latest": "4.2.4",
        "1.19.1-recommended": "4.2.4",
        "1.19.2-latest": "4.2.4",
        "1.19.2-recommended": "4.2.4",
        "1.19.3-latest": "5.0.0",
        "1.19.3-recommended": "5.0.0",
        "1.19.4-latest": "6.0.1",
        "1.19.4-recommended": "6.0.1",
        "1.20-latest": "7.0.0",
        "1.20-recommended": "7.0.0",
        "1.20.1-latest": "8.0.0",
        "1.20.1-recommended": "8.0.0",
        "1.20.4-latest": "20.4.2",
        "1.20.4-recommended": "20.4.2",
        "1.21-latest": "21.0.5",
        "1.21-recommended": "21.0.5",
        "1.21.1-latest": "21.1.0",
        "1.21.1-recommended": "21.1.0",
        "1.21.3-latest": "21.3.0",
        "1.21.3-recommended": "21.3.0",
        "1.21.4-latest": "21.4.1",
        "1.21.4-recommended": "21.4.1",
        "1.21.5-latest": "21.5.0",
        "1.21.5-recommended": "21.5.0"
    }
}
[31May2025 22:25:07.735] [Forge Version Check/INFO] [net.minecraftforge.fml.VersionChecker/]: [visualworkbench] Found status: UP_TO_DATE Current: 8.0.0 Target: null
[31May2025 22:25:07.736] [Forge Version Check/INFO] [net.minecraftforge.fml.VersionChecker/]: [gravestone] Starting version check at https://update.maxhenkel.de/forge/gravestone
[31May2025 22:25:08.620] [Forge Version Check/DEBUG] [net.minecraftforge.fml.VersionChecker/]: [gravestone] Received version check data:
{"1.9.4":{"1.3.6":"Bugfixes"},"1.8.8":{"1.1.7":"Bugfixes"},"1.20":{"1.20-1.0.3":"Updated to 1.20"},"1.8.9":{"1.1.7":"Bugfixes"},"1.18":{"1.18-1.0.3":"Fixed loader version requirement"},"1.19":{"1.19-1.0.3":"Fixed crash when opening the obituary"},"promos":{"1.14.4-recommended":"1.15.3","1.14.3-recommended":"1.14.3","1.20-recommended":"1.20-1.0.3","1.19.3-recommended":"1.19.3-1.0.3","1.19.1-recommended":"1.19.1-1.0.0","1.8.8-latest":"1.1.7","1.8.9-latest":"1.1.7","1.19.4-recommended":"1.19.4-1.0.3","1.19.2-recommended":"1.19.2-1.0.10","1.10.2-latest":"1.5.13","1.14.2-recommended":"1.13.3","1.14.3-latest":"1.14.3","1.20-latest":"1.20-1.0.3","1.11-latest":"1.6.6","1.10.2-recommended":"1.5.13","1.20.1-latest":"1.20.1-1.0.23","1.16.4-latest":"1.16.4-1.0.9","1.11.2-recommended":"1.7.4.1","1.19.3-latest":"1.19.3-1.0.3","1.8-latest":"1.0.5","1.16.2-latest":"1.16.2-1.0.6","1.7.10-latest":"0.7.10.3","1.15.2-recommended":"1.17.6","1.8-recommended":"1.0.5","1.19.1-latest":"1.19.1-1.0.0","1.15.1-recommended":"1.16.2","1.9-recommended":"1.2.10","1.11.2-latest":"1.7.4.1","1.18.1-latest":"1.18.1-1.0.2","1.15.1-latest":"1.16.2","1.18.2-latest":"1.18.2-1.0.2","1.11-recommended":"1.6.6","1.10-recommended":"1.4.9","1.12.2-latest":"1.10.2","1.12.1-latest":"1.9.0","1.12.2-recommended":"1.10.2","1.7.10-recommended":"0.7.10.3","1.19-latest":"1.19-1.0.3","1.17.1-recommended":"1.17.1-1.0.4","1.16.1-recommended":"1.16.1-1.0.6","1.16.2-recommended":"1.16.2-1.0.6","1.18-latest":"1.18-1.0.3","1.16.5-recommended":"1.16.5-1.0.6","1.16.4-recommended":"1.16.4-1.0.9","1.12.1-recommended":"1.9.0","1.20.1-recommended":"1.20.1-1.0.10","1.16.3-recommended":"1.16.3-1.0.2","1.15.2-latest":"1.17.6","1.20.2-recommended":"1.20.2-1.0.10","1.12-recommended":"1.8.4","1.10-latest":"1.4.9","1.14.4-latest":"1.15.3","1.13.2-recommended":"1.12.7","1.9.4-recommended":"1.3.6","1.12-latest":"1.8.4","1.18.2-recommended":"1.18.2-1.0.2","1.17.1-latest":"1.17.1-1.0.4","1.13.2-latest":"1.12.7","1.18.1-recommended":"1.18.1-1.0.2","1.16.3-latest":"1.16.3-2.0.4","1.20.2-latest":"1.20.2-1.0.10","1.19.2-latest":"1.19.2-1.0.23","1.19.4-latest":"1.19.4-1.0.3","1.16.5-latest":"1.16.5-1.0.7","1.19-recommended":"1.19-1.0.3","1.16.1-latest":"1.16.1-1.0.6","1.9-latest":"1.2.10","1.18-recommended":"1.18-1.0.3","1.14.2-latest":"1.13.3","1.8.8-recommended":"1.1.7","1.8.9-recommended":"1.1.7","1.9.4-latest":"1.3.6"},"1.20.2":{"1.20.2-1.0.10":"Improved mod icon\nUpdated corelib"},"1.20.1":{"1.20.1-1.0.23":"Updated Traditional Chinese translation","1.20.1-1.0.10":"Improved mod icon\nUpdated corelib"},"1.12":{"1.8.4":"Added recipe for recipe book"},"1.10":{"1.4.9":"Bugfixes"},"1.11":{"1.6.6":"Bugfixes"},"1.7.10":{"0.7.10.3":"Bugfixes"},"1.16.4":{"1.16.4-1.0.9":"Update chinese translation"},"1.18.2":{"1.18.2-1.0.2":"Fixed ukrainian locale code"},"1.19.1":{"1.19.1-1.0.0":"Updated to 1.19.1"},"1.16.5":{"1.16.5-1.0.7":"Fixed freeze with epic fight mod","1.16.5-1.0.6":"Fixed grave names"},"1.19.2":{"1.19.2-1.0.10":"Improved mod icon\nUpdated corelib","1.19.2-1.0.23":"Updated Traditional Chinese translation"},"1.19.3":{"1.19.3-1.0.3":"Fixed creative tabs because Forge broke everything again"},"1.19.4":{"1.19.4-1.0.3":"Updated to 1.19.4"},"1.14.2":{"1.13.3":"Improved en_us language and added pl_pl language"},"1.15.1":{"1.16.2":"Fixed crash with forge 30.0.17+"},"1.14.3":{"1.14.3":"Improved en_us language and added pl_pl language"},"1.16.1":{"1.16.1-1.0.6":"Fixed gravestone items can be picked up with a hopper"},"1.15.2":{"1.17.6":"Updated polish translation"},"1.14.4":{"1.15.3":"Fixed config reset issue"},"1.16.2":{"1.16.2-1.0.6":"Fixed nether dimension name\nUpdated russian translation\nFixed remove death note option"},"1.17.1":{"1.17.1-1.0.4":"Fixed crash with epic fight mod"},"1.8":{"1.0.5":"Bugfixes"},"1.16.3":{"1.16.3-1.0.2":"Updated mods.toml","1.16.3-2.0.4":"Fixed grave disappearing when having sneaking on toggle"},"1.18.1":{"1.18.1-1.0.2":"Added Brazilian Portuguese language"},"1.9":{"1.2.10":"Bugfixes"},"1.10.2":{"1.5.13":"Bugfixes"},"1.11.2":{"1.7.4.1":"Improved version checking"},"1.12.1":{"1.9.0":"Updated to 1.12.1"},"1.12.2":{"1.10.2":"Updated Forge version"},"1.13.2":{"1.12.7":"Improved en_us language and added pl_pl language"},"homepage":"https://www.curseforge.com/minecraft/mc-mods/gravestone-mod"}
[31May2025 22:25:08.620] [Forge Version Check/INFO] [net.minecraftforge.fml.VersionChecker/]: [gravestone] Found status: AHEAD Current: 1.20.1-1.0.24 Target: null
[31May2025 22:25:08.621] [Forge Version Check/INFO] [net.minecraftforge.fml.VersionChecker/]: [diagonalfences] Starting version check at https://raw.githubusercontent.com/Fuzss/modresources/main/update/diagonalfences.json
[31May2025 22:25:08.637] [Forge Version Check/DEBUG] [net.minecraftforge.fml.VersionChecker/]: [diagonalfences] Received version check data:
{
    "homepage": "https://github.com/Fuzss/diagonalfences",
    "promos": {
        "1.18.2-latest": "3.2.3",
        "1.18.2-recommended": "3.2.3",
        "1.19-latest": "4.0.1",
        "1.19-recommended": "4.0.1",
        "1.19.1-latest": "4.2.3",
        "1.19.1-recommended": "4.2.3",
        "1.19.2-latest": "4.2.6",
        "1.19.2-recommended": "4.2.6",
        "1.19.3-latest": "5.0.0",
        "1.19.3-recommended": "5.0.0",
        "1.19.4-latest": "6.0.0",
        "1.19.4-recommended": "6.0.0",
        "1.20-latest": "7.0.0",
        "1.20-recommended": "7.0.0",
        "1.20.1-latest": "8.1.5",
        "1.20.1-recommended": "8.1.5",
        "1.20.4-latest": "20.4.1",
        "1.20.4-recommended": "20.4.1",
        "1.21-latest": "21.0.0",
        "1.21-recommended": "21.0.0",
        "1.21.1-latest": "21.1.1",
        "1.21.1-recommended": "21.1.1",
        "1.21.3-latest": "21.3.0",
        "1.21.3-recommended": "21.3.0",
        "1.21.4-latest": "21.4.0",
        "1.21.4-recommended": "21.4.0",
        "1.21.5-latest": "21.5.0",
        "1.21.5-recommended": "21.5.0"
    }
}
[31May2025 22:25:08.637] [Forge Version Check/INFO] [net.minecraftforge.fml.VersionChecker/]: [diagonalfences] Found status: UP_TO_DATE Current: 8.1.5 Target: null
[31May2025 22:25:08.638] [Forge Version Check/INFO] [net.minecraftforge.fml.VersionChecker/]: [puzzleslib] Starting version check at https://raw.githubusercontent.com/Fuzss/modresources/main/update/puzzleslib.json
[31May2025 22:25:08.651] [Forge Version Check/DEBUG] [net.minecraftforge.fml.VersionChecker/]: [puzzleslib] Received version check data:
{
    "homepage": "https://www.curseforge.com/minecraft/mc-mods/puzzles-lib",
    "promos": {
        "1.16.2-latest": "1.0.15",
        "1.16.2-recommended": "1.0.15",
        "1.16.3-latest": "1.0.15",
        "1.16.3-recommended": "1.0.15",
        "1.16.4-latest": "1.0.15",
        "1.16.4-recommended": "1.0.15",
        "1.16.5-latest": "1.0.15",
        "1.16.5-recommended": "1.0.15",
        "1.17.1-latest": "2.0.2",
        "1.17.1-recommended": "2.0.2",
        "1.18-latest": "3.2.1",
        "1.18-recommended": "3.2.1",
        "1.18.1-latest": "3.2.1",
        "1.18.1-recommended": "3.2.1",
        "1.18.2-latest": "3.5.10",
        "1.18.2-recommended": "3.5.10",
        "1.19-latest": "4.0.18",
        "1.19-recommended": "4.0.18",
        "1.19.1-latest": "4.2.4",
        "1.19.1-recommended": "4.2.4",
        "1.19.2-latest": "4.4.3",
        "1.19.2-recommended": "4.4.3",
        "1.19.3-latest": "5.0.33",
        "1.19.3-recommended": "5.0.33",
        "1.19.4-latest": "6.0.11",
        "1.19.4-recommended": "6.0.11",
        "1.20-latest": "7.0.9",
        "1.20-recommended": "7.0.9",
        "1.20.1-latest": "8.1.32",
        "1.20.1-recommended": "8.1.32",
        "1.20.4-latest": "20.4.52",
        "1.20.4-recommended": "20.4.52",
        "1.21-latest": "21.0.28",
        "1.21-recommended": "21.0.28",
        "1.21.1-latest": "21.1.36",
        "1.21.1-recommended": "21.1.36",
        "1.21.3-latest": "21.3.21",
        "1.21.3-recommended": "21.3.21",
        "1.21.4-latest": "21.4.13",
        "1.21.4-recommended": "21.4.13",
        "1.21.5-latest": "21.5.12",
        "1.21.5-recommended": "21.5.12"
    }
}
[31May2025 22:25:08.652] [Forge Version Check/INFO] [net.minecraftforge.fml.VersionChecker/]: [puzzleslib] Found status: UP_TO_DATE Current: 8.1.32 Target: null
[31May2025 22:25:08.653] [Forge Version Check/INFO] [net.minecraftforge.fml.VersionChecker/]: [puzzlesaccessapi] Starting version check at https://raw.githubusercontent.com/Fuzss/modresources/main/update/puzzlesaccessapi.json
[31May2025 22:25:08.667] [Forge Version Check/DEBUG] [net.minecraftforge.fml.VersionChecker/]: [puzzlesaccessapi] Received version check data:
{
    "homepage": "https://github.com/Fuzss/puzzlesaccessapi",
    "promos": {}
}
[31May2025 22:25:08.667] [Forge Version Check/INFO] [net.minecraftforge.fml.VersionChecker/]: [puzzlesaccessapi] Found status: BETA Current: 20.1.1 Target: null
[31May2025 22:25:08.668] [Forge Version Check/INFO] [net.minecraftforge.fml.VersionChecker/]: [voicechat] Starting version check at https://update.maxhenkel.de/forge/voicechat
[31May2025 22:25:08.816] [Forge Version Check/DEBUG] [net.minecraftforge.fml.VersionChecker/]: [voicechat] Received version check data:
{"1.21":{"1.21-2.5.20":"Added Vietnamese translation"},"1.20":{"1.20-2.4.9":"Fixed group not getting deleted when disconnecting\nFixed group in LeaveGroupEvent always null\nFixed builtin resource pack format version"},"1.18":{"1.18-2.1.17":"Updated Forge\nFixed sound physics compatibility","1.18-2.1.22":"Fixed untranslated command feedback"},"1.19":{"1.19-2.4.8":"Added audio senders to the voice chat API"},"1.20.4":{"1.20.4-2.5.22":"Updated Traditional Chinese translation\nAdded Portuguese translation\nUpdated Ukrainian translation","1.20.4-2.4.32":"Fixed compatibility with Sound Physics Remastered\nUpdated French translation"},"1.21.3":{"1.21.3-2.5.30":"Improved tooltip rendering performance\nFixed ping buffer size"},"promos":{"1.18.1-latest":"1.18.1-2.2.52","1.21.4-latest":"1.21.4-2.5.30","1.21.3-latest":"1.21.3-2.5.30","1.18.2-latest":"1.18.2-2.5.30","1.19.3-recommended":"1.19.3-2.4.11","1.20-recommended":"1.20-2.4.9","1.19.1-recommended":"1.19.1-2.4.8","1.21.5-latest":"1.21.5-2.5.30","1.21.1-latest":"1.21.1-2.5.30","1.12.2-latest":"1.12.2-2.5.30","1.19.4-recommended":"1.19.4-2.4.32","1.12.2-recommended":"1.12.2-2.4.32","1.19-latest":"1.19-2.4.8","1.17.1-recommended":"1.17.1-2.4.32","1.19.2-recommended":"1.19.2-2.4.32","1.18-latest":"1.18-2.1.22","1.20.4-recommended":"1.20.4-2.4.32","1.21-latest":"1.21-2.5.20","1.16.5-recommended":"1.16.5-2.4.32","1.16.4-recommended":"1.16.4-1.1.7","1.20.1-recommended":"1.20.1-2.4.32","1.16.3-recommended":"1.16.3-1.0.1","1.15.2-latest":"1.15.2-1.0.2","1.20.2-recommended":"1.20.2-2.4.32","1.20-latest":"1.20-2.4.9","1.18.2-recommended":"1.18.2-2.4.32","1.17.1-latest":"1.17.1-2.5.12","1.18.1-recommended":"1.18.1-2.2.52","1.20.1-latest":"1.20.1-2.5.30","1.16.3-latest":"1.16.3-1.0.1","1.20.2-latest":"1.20.2-2.5.12","1.16.4-latest":"1.16.4-1.1.7","1.19.2-latest":"1.19.2-2.5.30","1.19.4-latest":"1.19.4-2.5.12","1.19.3-latest":"1.19.3-2.4.11","1.16.5-latest":"1.16.5-2.5.30","1.19-recommended":"1.19-2.4.8","1.18-recommended":"1.18-2.1.17","1.15.2-recommended":"1.15.2-1.0.2","1.20.4-latest":"1.20.4-2.5.22","1.19.1-latest":"1.19.1-2.4.8","1.20.6-latest":"1.20.6-2.5.22"},"1.20.6":{"1.20.6-2.5.22":"Updated Traditional Chinese translation\nAdded Portuguese translation\nUpdated Ukrainian translation"},"1.21.5":{"1.21.5-2.5.30":"Improved tooltip rendering performance\nFixed ping buffer size"},"1.21.4":{"1.21.4-2.5.30":"Improved tooltip rendering performance\nFixed ping buffer size"},"1.20.2":{"1.20.2-2.4.32":"Fixed compatibility with Sound Physics Remastered\nUpdated French translation","1.20.2-2.5.12":"Improved cloth config GUI translations"},"1.21.1":{"1.21.1-2.5.30":"Improved tooltip rendering performance\nFixed ping buffer size"},"1.20.1":{"1.20.1-2.5.30":"Improved tooltip rendering performance\nFixed ping buffer size","1.20.1-2.4.32":"Fixed compatibility with Sound Physics Remastered\nUpdated French translation"},"1.16.4":{"1.16.4-1.1.7":"Fixed ConcurrentModificationException when client times out"},"1.19.1":{"1.19.1-2.4.8":"Added audio senders to the voice chat API"},"1.18.2":{"1.18.2-2.4.32":"Fixed compatibility with Sound Physics Remastered\nUpdated French translation","1.18.2-2.5.30":"Improved tooltip rendering performance\nFixed ping buffer size"},"1.16.5":{"1.16.5-2.4.32":"Fixed compatibility with Sound Physics Remastered\nUpdated French translation","1.16.5-2.5.30":"Improved tooltip rendering performance\nFixed ping buffer size"},"1.19.2":{"1.19.2-2.5.30":"Improved tooltip rendering performance\nFixed ping buffer size","1.19.2-2.4.32":"Fixed compatibility with Sound Physics Remastered\nUpdated French translation"},"1.19.3":{"1.19.3-2.4.11":"Added config accessors to the API"},"1.19.4":{"1.19.4-2.4.32":"Fixed compatibility with Sound Physics Remastered\nUpdated French translation","1.19.4-2.5.12":"Improved cloth config GUI translations"},"1.15.2":{"1.15.2-1.0.2":"Fix crash on servers"},"1.17.1":{"1.17.1-2.4.32":"Fixed compatibility with Sound Physics Remastered\nUpdated French translation","1.17.1-2.5.12":"Improved cloth config GUI translations"},"1.16.3":{"1.16.3-1.0.1":"Fixed voice chat not working on servers with port"},"1.18.1":{"1.18.1-2.2.52":"Improved service loader compatibility\nFixed issues with QuestCraft\nFixed disconnected state being controlled by the client"},"1.12.2":{"1.12.2-2.4.32":"Fixed compatibility with Sound Physics Remastered\nUpdated French translation","1.12.2-2.5.30":"Improved tooltip rendering performance\nFixed ping buffer size"},"homepage":"https://modrepo.de/minecraft/voicechat"}
[31May2025 22:25:08.816] [Forge Version Check/INFO] [net.minecraftforge.fml.VersionChecker/]: [voicechat] Found status: AHEAD Current: 1.20.1-2.5.30 Target: null
[31May2025 22:25:08.817] [Forge Version Check/INFO] [net.minecraftforge.fml.VersionChecker/]: [sound_physics_remastered] Starting version check at https://update.maxhenkel.de/forge/sound_physics_remastered
[31May2025 22:25:08.963] [Forge Version Check/DEBUG] [net.minecraftforge.fml.VersionChecker/]: [sound_physics_remastered] Received version check data:
{"1.20.2":{"1.20.2-1.3.1":"Updated dependencies\nFixed mod icon size","1.20.2-1.3.0":""},"1.21.1":{"1.21.1-1.4.12":"Fixed mixin error"},"1.20.1":{"1.20.1-1.4.13":"Fixed mixin error","1.20.1-1.3.0":""},"1.21":{"1.21-1.4.6":""},"1.20":{"1.20-1.1.1":"Updated to 1.20"},"1.18":{"1.18-1.0.3":"Tweaked config values"},"1.19":{"1.19-1.0.15":"Disabled moving sounds by default due to performance impact"},"1.18.2":{"1.18.2-1.0.6":"Fixed crash when playing sounds that are null"},"1.19.1":{"1.19.1-1.0.15":"Disabled moving sounds by default due to performance impact"},"1.19.2":{"1.19.2-1.3.0":"","1.19.2-1.4.5":"Updated Simplified Chinese translation"},"1.19.3":{"1.19.3-1.1.0":"Updated ConfigBuilder\nAdded comments to the config\nRemoved sound blacklist regex\nAdded allowed sounds config\nFixed lag when saving in cloth config GUI\nFixed sound distance allowance not working with playsound commands","1.19.3-1.0.18":"Improved performance when having 'update_moving_sounds' enabled"},"1.19.4":{"1.19.4-1.1.1":"Fixed some cloth config settings not saving properly","1.19.4-1.2.1":""},"1.17.1":{"1.17.1-1.0.6":"Fixed crash when playing sounds that are null"},"1.18.1":{"1.18.1-1.0.6":"Fixed crash when playing sounds that are null"},"1.20.4":{"1.20.4-1.4.5":"Updated Simplified Chinese translation","1.20.4-1.3.0":""},"1.21.3":{"1.21.3-1.4.7":"Fixed issues with sounds being played far away\nFixed lag when being far away from 0, 0"},"promos":{"1.18.1-latest":"1.18.1-1.0.6","1.21.4-latest":"1.21.4-1.4.12","1.21.3-latest":"1.21.3-1.4.7","1.18.2-latest":"1.18.2-1.0.6","1.20-recommended":"1.20-1.1.1","1.19.3-recommended":"1.19.3-1.0.18","1.19.1-recommended":"1.19.1-1.0.15","1.21.5-latest":"1.21.5-1.4.12","1.21.1-latest":"1.21.1-1.4.12","1.19.4-recommended":"1.19.4-1.1.1","1.19-latest":"1.19-1.0.15","1.17.1-recommended":"1.17.1-1.0.6","1.19.2-recommended":"1.19.2-1.3.0","1.18-latest":"1.18-1.0.3","1.20.4-recommended":"1.20.4-1.3.0","1.21-latest":"1.21-1.4.6","1.20.1-recommended":"1.20.1-1.3.0","1.20.2-recommended":"1.20.2-1.3.0","1.20-latest":"1.20-1.1.1","1.18.2-recommended":"1.18.2-1.0.6","1.17.1-latest":"1.17.1-1.0.6","1.18.1-recommended":"1.18.1-1.0.6","1.20.1-latest":"1.20.1-1.4.13","1.20.2-latest":"1.20.2-1.3.1","1.19.2-latest":"1.19.2-1.4.5","1.19.4-latest":"1.19.4-1.2.1","1.19.3-latest":"1.19.3-1.1.0","1.19-recommended":"1.19-1.0.15","1.18-recommended":"1.18-1.0.3","1.20.4-latest":"1.20.4-1.4.5","1.19.1-latest":"1.19.1-1.0.15","1.20.6-latest":"1.20.6-1.4.5"},"1.20.6":{"1.20.6-1.4.5":"Updated Simplified Chinese translation"},"1.21.5":{"1.21.5-1.4.12":"Fixed mixin error"},"1.21.4":{"1.21.4-1.4.12":"Fixed mixin error"},"homepage":"https://www.curseforge.com/minecraft/mc-mods/sound-physics-remastered"}
[31May2025 22:25:08.963] [Forge Version Check/INFO] [net.minecraftforge.fml.VersionChecker/]: [sound_physics_remastered] Found status: AHEAD Current: 1.20.1-1.4.13 Target: null
[31May2025 22:25:08.963] [Forge Version Check/INFO] [net.minecraftforge.fml.VersionChecker/]: [forge] Starting version check at https://files.minecraftforge.net/net/minecraftforge/forge/promotions_slim.json
[31May2025 22:25:09.012] [main/INFO] [com.mojang.authlib.yggdrasil.YggdrasilAuthenticationService/]: Environment: authHost='https://authserver.mojang.com', accountsHost='https://api.mojang.com', sessionHost='https://sessionserver.mojang.com', servicesHost='https://api.minecraftservices.com', name='PROD'
[31May2025 22:25:09.284] [Forge Version Check/DEBUG] [net.minecraftforge.fml.VersionChecker/]: [forge] Received version check data:
{
  "homepage": "https://files.minecraftforge.net/net/minecraftforge/forge/",
  "promos": {
    "1.1-latest": "1.3.4.29",
    "1.2.3-latest": "1.4.1.64",
    "1.2.4-latest": "2.0.0.68",
    "1.2.5-latest": "3.4.9.171",
    "1.3.2-latest": "4.3.5.318",
    "1.4.0-latest": "5.0.0.326",
    "1.4.1-latest": "6.0.0.329",
    "1.4.2-latest": "6.0.1.355",
    "1.4.3-latest": "6.2.1.358",
    "1.4.4-latest": "6.3.0.378",
    "1.4.5-latest": "6.4.2.448",
    "1.4.6-latest": "6.5.0.489",
    "1.4.7-latest": "6.6.2.534",
    "1.5-latest": "7.7.0.598",
    "1.5.1-latest": "7.7.2.682",
    "1.5.2-latest": "7.8.1.738",
    "1.5.2-recommended": "7.8.1.738",
    "1.6.1-latest": "8.9.0.775",
    "1.6.2-latest": "9.10.1.871",
    "1.6.2-recommended": "9.10.1.871",
    "1.6.3-latest": "9.11.0.878",
    "1.6.4-latest": "9.11.1.1345",
    "1.6.4-recommended": "9.11.1.1345",
    "1.7.2-latest": "10.12.2.1161",
    "1.7.2-recommended": "10.12.2.1161",
    "1.7.10_pre4-latest": "10.12.2.1149",
    "1.7.10-latest": "10.13.4.1614",
    "1.7.10-recommended": "10.13.4.1614",
    "1.8-latest": "11.14.4.1577",
    "1.8-recommended": "11.14.4.1563",
    "1.8.8-latest": "11.15.0.1655",
    "1.8.9-latest": "11.15.1.2318",
    "1.8.9-recommended": "11.15.1.2318",
    "1.9-latest": "12.16.1.1938",
    "1.9-recommended": "12.16.1.1887",
    "1.9.4-latest": "12.17.0.2317",
    "1.9.4-recommended": "12.17.0.2317",
    "1.10-latest": "12.18.0.2000",
    "1.10.2-latest": "12.18.3.2511",
    "1.10.2-recommended": "12.18.3.2511",
    "1.11-latest": "13.19.1.2199",
    "1.11-recommended": "13.19.1.2189",
    "1.11.2-latest": "13.20.1.2588",
    "1.11.2-recommended": "13.20.1.2588",
    "1.12-latest": "14.21.1.2443",
    "1.12-recommended": "14.21.1.2387",
    "1.12.1-latest": "14.22.1.2485",
    "1.12.1-recommended": "14.22.1.2478",
    "1.12.2-latest": "14.23.5.2860",
    "1.12.2-recommended": "14.23.5.2859",
    "1.13.2-latest": "25.0.223",
    "1.14.2-latest": "26.0.63",
    "1.14.3-latest": "27.0.60",
    "1.14.4-latest": "28.2.26",
    "1.14.4-recommended": "28.2.26",
    "1.15-latest": "29.0.4",
    "1.15.1-latest": "30.0.51",
    "1.15.2-latest": "31.2.57",
    "1.15.2-recommended": "31.2.57",
    "1.16.1-latest": "32.0.108",
    "1.16.2-latest": "33.0.61",
    "1.16.3-latest": "34.1.42",
    "1.16.3-recommended": "34.1.0",
    "1.16.4-latest": "35.1.37",
    "1.16.4-recommended": "35.1.4",
    "1.16.5-latest": "36.2.42",
    "1.16.5-recommended": "36.2.34",
    "1.17.1-latest": "37.1.1",
    "1.17.1-recommended": "37.1.1",
    "1.18-latest": "38.0.17",
    "1.18.1-latest": "39.1.2",
    "1.18.1-recommended": "39.1.0",
    "1.18.2-recommended": "40.3.0",
    "1.18.2-latest": "40.3.10",
    "1.19-latest": "41.1.0",
    "1.19-recommended": "41.1.0",
    "1.19.1-latest": "42.0.9",
    "1.19.2-recommended": "43.5.0",
    "1.19.2-latest": "43.5.0",
    "1.19.3-latest": "44.1.23",
    "1.19.3-recommended": "44.1.0",
    "1.19.4-recommended": "45.4.0",
    "1.19.4-latest": "45.4.0",
    "1.20-latest": "46.0.14",
    "1.20.1-recommended": "47.4.0",
    "1.20.1-latest": "47.4.1",
    "1.20.2-latest": "48.1.0",
    "1.20.2-recommended": "48.1.0",
    "1.20.3-latest": "49.0.2",
    "1.20.4-latest": "49.2.0",
    "1.20.4-recommended": "49.2.0",
    "1.20.6-latest": "50.2.0",
    "1.20.6-recommended": "50.2.0",
    "1.21-latest": "51.0.33",
    "1.21.1-latest": "52.1.1",
    "1.21.1-recommended": "52.1.0",
    "1.21.3-latest": "53.1.1",
    "1.21.3-recommended": "53.1.0",
    "1.21.4-latest": "54.1.3",
    "1.21.4-recommended": "54.1.0",
    "1.21.5-latest": "55.0.21"
  }
}
[31May2025 22:25:09.285] [Forge Version Check/INFO] [net.minecraftforge.fml.VersionChecker/]: [forge] Found status: OUTDATED Current: 47.3.7 Target: 47.4.0
[31May2025 22:25:09.286] [Forge Version Check/INFO] [net.minecraftforge.fml.VersionChecker/]: [scuba_gear] Starting version check at http://changelogs.moddinglegacy.com/scuba-gear.json
[31May2025 22:25:09.710] [Forge Version Check/DEBUG] [net.minecraftforge.fml.VersionChecker/]: [scuba_gear] Received version check data:
{
  "homepage": "https://www.curseforge.com/minecraft/mc-mods/scuba-gear",
  "promos": {
    "1.19.3-recommended": "1.0.5",
    "1.19.3-latest": "1.0.5"
  },
  "1.19.3": {
    "1.0.5": "- Initial 1.19.3 port"
  }
}
[31May2025 22:25:09.710] [Forge Version Check/INFO] [net.minecraftforge.fml.VersionChecker/]: [scuba_gear] Found status: BETA Current: 1.0.6 Target: null
[31May2025 22:25:09.711] [Forge Version Check/INFO] [net.minecraftforge.fml.VersionChecker/]: [diagonalblocks] Starting version check at https://raw.githubusercontent.com/Fuzss/modresources/main/update/diagonalblocks.json
[31May2025 22:25:09.722] [Forge Version Check/DEBUG] [net.minecraftforge.fml.VersionChecker/]: [diagonalblocks] Received version check data:
{
    "homepage": "https://github.com/Fuzss/diagonalblocks",
    "promos": {}
}
[31May2025 22:25:09.723] [Forge Version Check/INFO] [net.minecraftforge.fml.VersionChecker/]: [diagonalblocks] Found status: BETA Current: 8.0.6 Target: null
[31May2025 22:25:10.031] [main/DEBUG] [mixin/]: Mixing VanillaPackResourcesAccessor from creativecore.mixins.json into net.minecraft.server.packs.VanillaPackResources
[31May2025 22:25:10.033] [main/WARN] [net.minecraft.server.packs.VanillaPackResourcesBuilder/]: Assets URL 'union:/workspaces/sdgfgsfgsf/servidor_minecraft/libraries/net/minecraft/server/1.20.1-20230612.114412/server-1.20.1-20230612.114412-srg.jar%23169!/assets/.mcassetsroot' uses unexpected schema
[31May2025 22:25:10.033] [main/WARN] [net.minecraft.server.packs.VanillaPackResourcesBuilder/]: Assets URL 'union:/workspaces/sdgfgsfgsf/servidor_minecraft/libraries/net/minecraft/server/1.20.1-20230612.114412/server-1.20.1-20230612.114412-srg.jar%23169!/data/.mcassetsroot' uses unexpected schema
[31May2025 22:25:10.068] [main/DEBUG] [mixin/]: Mixing PathPackResourcesAccessor from creativecore.mixins.json into net.minecraft.server.packs.PathPackResources
[31May2025 22:25:10.077] [main/DEBUG] [net.minecraftforge.server.ServerLifecycleHooks/CORE]: Generating PackInfo named mod:betteranimationscollection for mod file /workspaces/sdgfgsfgsf/servidor_minecraft/mods/BetterAnimationsCollection-v8.0.0-1.20.1-Forge.jar
[31May2025 22:25:10.077] [main/DEBUG] [net.minecraftforge.server.ServerLifecycleHooks/CORE]: Generating PackInfo named mod:subnautica_flow for mod file /workspaces/sdgfgsfgsf/servidor_minecraft/mods/subnautica_flow-1.3.0-forge-1.20.1.jar
[31May2025 22:25:10.077] [main/DEBUG] [net.minecraftforge.server.ServerLifecycleHooks/CORE]: Generating PackInfo named mod:kuma_api for mod file 
[31May2025 22:25:10.078] [main/DEBUG] [net.minecraftforge.server.ServerLifecycleHooks/CORE]: Generating PackInfo named mod:gore_edition for mod file /workspaces/sdgfgsfgsf/servidor_minecraft/mods/gore_edition-0.5alpha-3-forge-1.20.1.jar
[31May2025 22:25:10.078] [main/DEBUG] [net.minecraftforge.server.ServerLifecycleHooks/CORE]: Generating PackInfo named mod:geckolib for mod file /workspaces/sdgfgsfgsf/servidor_minecraft/mods/geckolib-forge-1.20.1-4.7.1.2.jar
[31May2025 22:25:10.078] [main/DEBUG] [net.minecraftforge.server.ServerLifecycleHooks/CORE]: Generating PackInfo named mod:playeranimator for mod file /workspaces/sdgfgsfgsf/servidor_minecraft/mods/player-animation-lib-forge-1.0.2-rc1+1.20.jar
[31May2025 22:25:10.078] [main/DEBUG] [net.minecraftforge.server.ServerLifecycleHooks/CORE]: Generating PackInfo named mod:creativecore for mod file /workspaces/sdgfgsfgsf/servidor_minecraft/mods/CreativeCore_FORGE_v2.12.32_mc1.20.1.jar
[31May2025 22:25:10.078] [main/DEBUG] [net.minecraftforge.server.ServerLifecycleHooks/CORE]: Generating PackInfo named mod:jei for mod file /workspaces/sdgfgsfgsf/servidor_minecraft/mods/jei-1.20.1-forge-15.20.0.106.jar
[31May2025 22:25:10.079] [main/DEBUG] [net.minecraftforge.server.ServerLifecycleHooks/CORE]: Generating PackInfo named mod:cgm for mod file /workspaces/sdgfgsfgsf/servidor_minecraft/mods/CGM-Unofficial-1.4.18+Forge+1.20.1.jar
[31May2025 22:25:10.079] [main/DEBUG] [net.minecraftforge.server.ServerLifecycleHooks/CORE]: Generating PackInfo named mod:visualworkbench for mod file /workspaces/sdgfgsfgsf/servidor_minecraft/mods/VisualWorkbench-v8.0.0-1.20.1-Forge.jar
[31May2025 22:25:10.079] [main/DEBUG] [net.minecraftforge.server.ServerLifecycleHooks/CORE]: Generating PackInfo named mod:sophisticatedcore for mod file /workspaces/sdgfgsfgsf/servidor_minecraft/mods/sophisticatedcore-1.20.1-1.2.51.966.jar
[31May2025 22:25:10.079] [main/DEBUG] [net.minecraftforge.server.ServerLifecycleHooks/CORE]: Generating PackInfo named mod:waystones for mod file /workspaces/sdgfgsfgsf/servidor_minecraft/mods/waystones-forge-1.20.1-14.1.11.jar
[31May2025 22:25:10.079] [main/DEBUG] [net.minecraftforge.server.ServerLifecycleHooks/CORE]: Generating PackInfo named mod:lexiconfig for mod file /workspaces/sdgfgsfgsf/servidor_minecraft/mods/Lexiconfig-forge-1.3.11.jar
[31May2025 22:25:10.080] [main/DEBUG] [net.minecraftforge.server.ServerLifecycleHooks/CORE]: Generating PackInfo named mod:gravestone for mod file /workspaces/sdgfgsfgsf/servidor_minecraft/mods/gravestone-forge-1.20.1-1.0.24.jar
[31May2025 22:25:10.080] [main/DEBUG] [net.minecraftforge.server.ServerLifecycleHooks/CORE]: Generating PackInfo named mod:arphex for mod file /workspaces/sdgfgsfgsf/servidor_minecraft/mods/ArPhEx-4.4.9-forge-1.20.1.jar
[31May2025 22:25:10.080] [main/DEBUG] [net.minecraftforge.server.ServerLifecycleHooks/CORE]: Generating PackInfo named mod:diagonalfences for mod file /workspaces/sdgfgsfgsf/servidor_minecraft/mods/DiagonalFences-v8.1.5-1.20.1-Forge.jar
[31May2025 22:25:10.080] [main/DEBUG] [net.minecraftforge.server.ServerLifecycleHooks/CORE]: Generating PackInfo named mod:mixinextras for mod file 
[31May2025 22:25:10.080] [main/DEBUG] [net.minecraftforge.server.ServerLifecycleHooks/CORE]: Generating PackInfo named mod:glitchcore for mod file /workspaces/sdgfgsfgsf/servidor_minecraft/mods/GlitchCore-forge-1.20.1-0.0.1.1.jar
[31May2025 22:25:10.081] [main/DEBUG] [net.minecraftforge.server.ServerLifecycleHooks/CORE]: Generating PackInfo named mod:toughasnails for mod file /workspaces/sdgfgsfgsf/servidor_minecraft/mods/ToughAsNails-forge-1.20.1-9.2.0.171.jar
[31May2025 22:25:10.081] [main/DEBUG] [net.minecraftforge.server.ServerLifecycleHooks/CORE]: Generating PackInfo named mod:sophisticatedbackpacks for mod file /workspaces/sdgfgsfgsf/servidor_minecraft/mods/sophisticatedbackpacks-1.20.1-3.23.14.1233.jar
[31May2025 22:25:10.081] [main/DEBUG] [net.minecraftforge.server.ServerLifecycleHooks/CORE]: Generating PackInfo named mod:cannibal for mod file /workspaces/sdgfgsfgsf/servidor_minecraft/mods/cannibal-1.0.5-1.20.1.jar
[31May2025 22:25:10.081] [main/DEBUG] [net.minecraftforge.server.ServerLifecycleHooks/CORE]: Generating PackInfo named mod:architectury for mod file /workspaces/sdgfgsfgsf/servidor_minecraft/mods/architectury-9.2.14-forge.jar
[31May2025 22:25:10.081] [main/DEBUG] [net.minecraftforge.server.ServerLifecycleHooks/CORE]: Generating PackInfo named mod:fallingtrees for mod file /workspaces/sdgfgsfgsf/servidor_minecraft/mods/fallingtrees-forge-mc1.20-0.13.2-SNAPSHOT.jar
[31May2025 22:25:10.082] [main/DEBUG] [net.minecraftforge.server.ServerLifecycleHooks/CORE]: Generating PackInfo named mod:pandalib for mod file /workspaces/sdgfgsfgsf/servidor_minecraft/mods/pandalib-forge-mc1.20-0.5.2-SNAPSHOT.jar
[31May2025 22:25:10.082] [main/DEBUG] [net.minecraftforge.server.ServerLifecycleHooks/CORE]: Generating PackInfo named mod:balm for mod file /workspaces/sdgfgsfgsf/servidor_minecraft/mods/balm-forge-1.20.1-7.3.27-all.jar
[31May2025 22:25:10.082] [main/DEBUG] [net.minecraftforge.server.ServerLifecycleHooks/CORE]: Generating PackInfo named mod:puzzleslib for mod file /workspaces/sdgfgsfgsf/servidor_minecraft/mods/PuzzlesLib-v8.1.32-1.20.1-Forge.jar
[31May2025 22:25:10.083] [main/DEBUG] [net.minecraftforge.server.ServerLifecycleHooks/CORE]: Generating PackInfo named mod:carryon for mod file /workspaces/sdgfgsfgsf/servidor_minecraft/mods/carryon-forge-1.20.1-2.1.2.7.jar
[31May2025 22:25:10.083] [main/DEBUG] [net.minecraftforge.server.ServerLifecycleHooks/CORE]: Generating PackInfo named mod:framework for mod file /workspaces/sdgfgsfgsf/servidor_minecraft/mods/framework-forge-1.20.1-0.7.15.jar
[31May2025 22:25:10.083] [main/DEBUG] [net.minecraftforge.server.ServerLifecycleHooks/CORE]: Generating PackInfo named mod:puzzlesaccessapi for mod file 
[31May2025 22:25:10.084] [main/DEBUG] [net.minecraftforge.server.ServerLifecycleHooks/CORE]: Generating PackInfo named mod:cloth_config for mod file /workspaces/sdgfgsfgsf/servidor_minecraft/mods/cloth-config-11.1.136-forge.jar
[31May2025 22:25:10.084] [main/DEBUG] [net.minecraftforge.server.ServerLifecycleHooks/CORE]: Generating PackInfo named mod:voicechat for mod file /workspaces/sdgfgsfgsf/servidor_minecraft/mods/voicechat-forge-1.20.1-2.5.30.jar
[31May2025 22:25:10.085] [main/DEBUG] [net.minecraftforge.server.ServerLifecycleHooks/CORE]: Generating PackInfo named mod:sound_physics_remastered for mod file /workspaces/sdgfgsfgsf/servidor_minecraft/mods/sound-physics-remastered-forge-1.20.1-1.4.13.jar
[31May2025 22:25:10.085] [main/DEBUG] [net.minecraftforge.server.ServerLifecycleHooks/CORE]: Generating PackInfo named mod:forge for mod file /workspaces/sdgfgsfgsf/servidor_minecraft/libraries/net/minecraftforge/forge/1.20.1-47.3.7/forge-1.20.1-47.3.7-universal.jar
[31May2025 22:25:10.085] [main/DEBUG] [net.minecraftforge.server.ServerLifecycleHooks/CORE]: Generating PackInfo named mod:aquaculture for mod file /workspaces/sdgfgsfgsf/servidor_minecraft/mods/Aquaculture-1.20.1-2.5.5.jar
[31May2025 22:25:10.086] [main/DEBUG] [net.minecraftforge.server.ServerLifecycleHooks/CORE]: Generating PackInfo named mod:simpleradio for mod file /workspaces/sdgfgsfgsf/servidor_minecraft/mods/SimpleRadio-forge-1.20.1-2.4.6.1.jar
[31May2025 22:25:10.086] [main/DEBUG] [net.minecraftforge.server.ServerLifecycleHooks/CORE]: Generating PackInfo named mod:scuba_gear for mod file /workspaces/sdgfgsfgsf/servidor_minecraft/mods/scuba_gear-1.20.1-1.0.6.jar
[31May2025 22:25:10.086] [main/DEBUG] [net.minecraftforge.server.ServerLifecycleHooks/CORE]: Generating PackInfo named mod:playerrevive for mod file /workspaces/sdgfgsfgsf/servidor_minecraft/mods/PlayerRevive_FORGE_v2.0.31_mc1.20.1.jar
[31May2025 22:25:10.086] [main/DEBUG] [net.minecraftforge.server.ServerLifecycleHooks/CORE]: Generating PackInfo named mod:diagonalblocks for mod file 
[31May2025 22:25:11.054] [main/DEBUG] [mixin/]: Mixing MixinLootDataManager from architectury.mixins.json into net.minecraft.world.level.storage.loot.LootDataManager
[31May2025 22:25:11.056] [main/DEBUG] [mixin/]: Mixing LootDataManagerForgeMixin from puzzleslib.forge.mixins.json into net.minecraft.world.level.storage.loot.LootDataManager
[31May2025 22:25:11.224] [main/DEBUG] [net.minecraftforge.coremod.transformer.CoreModBaseTransformer/COREMOD]: Transforming net/minecraft/server/commands/SummonCommand
[31May2025 22:25:11.922] [Worker-Main-3/DEBUG] [net.minecraftforge.coremod.transformer.CoreModBaseTransformer/COREMOD]: Transforming net/minecraft/world/entity/raid/Raid
[31May2025 22:25:12.320] [main/WARN] [net.minecraft.world.level.storage.loot.LootDataManager/]: Found loot table element validation problem in {loot_tables:arphex:entities/long_legs}.pools[0].entries[0].functions[1]: Parameters [<parameter minecraft:tool>] are not provided in this context
[31May2025 22:25:12.321] [main/WARN] [net.minecraft.world.level.storage.loot.LootDataManager/]: Found loot table element validation problem in {loot_tables:arphex:entities/silverfish_spectre}.pools[0].entries[0].functions[1]: Parameters [<parameter minecraft:tool>] are not provided in this context
[31May2025 22:25:12.321] [main/WARN] [net.minecraft.world.level.storage.loot.LootDataManager/]: Found loot table element validation problem in {loot_tables:arphex:entities/millipede_marauder}.pools[0].entries[0].functions[1]: Parameters [<parameter minecraft:tool>] are not provided in this context
[31May2025 22:25:12.388] [main/INFO] [net.minecraft.world.item.crafting.RecipeManager/]: Loaded 10 recipes
[31May2025 22:25:12.500] [main/ERROR] [net.minecraft.server.ServerAdvancementManager/]: Parsing error loading custom advancement subnautica_flow:sme: Expected item to be an item, was unknown string 'subnautica_flow:deleted_mod_element'
[31May2025 22:25:12.553] [main/ERROR] [net.minecraft.advancements.AdvancementList/]: Couldn't load advancement subnautica_flow:new_gen_of_sea_monkey: Task Advancement{parentId=subnautica_flow:sme, display=net.minecraft.advancements.DisplayInfo@61c6dd17, rewards=AdvancementRewards{experience=0, loot=[], recipes=[], function=net.minecraft.commands.CommandFunction$CacheableFunction@fd40956}, criteria={new_gen_of_sea_monkey_0=net.minecraft.advancements.Criterion@48c68d28}, requirements=[[new_gen_of_sea_monkey_0]], sends_telemetry_event=false}
[31May2025 22:25:12.554] [main/INFO] [net.minecraft.advancements.AdvancementList/]: Loaded 1523 advancements
[31May2025 22:25:12.557] [main/DEBUG] [sophisticatedbackpacks/]: Started loading registry data from sophisticatedbackpacks:compat/woot/block_tools 
[31May2025 22:25:12.557] [main/DEBUG] [sophisticatedbackpacks/]: Started loading registry data from sophisticatedbackpacks:compat/fluxnetworks/block_tools 
[31May2025 22:25:12.557] [main/DEBUG] [sophisticatedbackpacks/]: Started loading registry data from sophisticatedbackpacks:compat/mob_grinding_utils/entity_tools 
[31May2025 22:25:12.557] [main/DEBUG] [sophisticatedbackpacks/]: Started loading registry data from sophisticatedbackpacks:compat/astralsorcery/block_tools 
[31May2025 22:25:12.557] [main/DEBUG] [sophisticatedbackpacks/]: Started loading registry data from sophisticatedbackpacks:compat/immersivepetroleum/block_tools 
[31May2025 22:25:12.557] [main/DEBUG] [sophisticatedbackpacks/]: Started loading registry data from sophisticatedbackpacks:compat/immersiveengineering/block_tools 
[31May2025 22:25:12.557] [main/DEBUG] [sophisticatedbackpacks/]: Started loading registry data from sophisticatedbackpacks:compat/pedestals/block_tools 
[31May2025 22:25:12.557] [main/DEBUG] [sophisticatedbackpacks/]: Started loading registry data from sophisticatedbackpacks:compat/platforms/block_tools 
[31May2025 22:25:12.557] [main/DEBUG] [sophisticatedbackpacks/]: Started loading registry data from sophisticatedbackpacks:compat/rftoolsutility/entity_tools 
[31May2025 22:25:12.557] [main/DEBUG] [sophisticatedbackpacks/]: Started loading registry data from sophisticatedbackpacks:compat/compactmachines/block_tools 
[31May2025 22:25:12.558] [main/DEBUG] [sophisticatedbackpacks/]: Started loading registry data from sophisticatedbackpacks:compat/mcwwindows/block_tools 
[31May2025 22:25:12.558] [main/DEBUG] [sophisticatedbackpacks/]: Started loading registry data from sophisticatedbackpacks:compat/integrateddynamics/block_tools 
[31May2025 22:25:12.558] [main/DEBUG] [sophisticatedbackpacks/]: Started loading registry data from sophisticatedbackpacks:entity_tools 
[31May2025 22:25:12.560] [main/DEBUG] [sophisticatedbackpacks/]: Finished loading registry data for sophisticatedbackpacks:entity_tools
[31May2025 22:25:12.560] [main/DEBUG] [sophisticatedbackpacks/]: Started loading registry data from sophisticatedbackpacks:compat/mekanism/block_tools 
[31May2025 22:25:12.560] [main/DEBUG] [sophisticatedbackpacks/]: Started loading registry data from sophisticatedbackpacks:compat/powah/block_tools 
[31May2025 22:25:12.560] [main/DEBUG] [sophisticatedbackpacks/]: Started loading registry data from sophisticatedbackpacks:compat/apotheosis/entity_tools 
[31May2025 22:25:12.560] [main/DEBUG] [sophisticatedbackpacks/]: Started loading registry data from sophisticatedbackpacks:compat/bloodmagic/block_tools 
[31May2025 22:25:12.560] [main/DEBUG] [sophisticatedbackpacks/]: Started loading registry data from sophisticatedbackpacks:compat/immersiveposts/block_tools 
[31May2025 22:25:12.560] [main/DEBUG] [sophisticatedbackpacks/]: Started loading registry data from sophisticatedbackpacks:compat/rats/entity_tools 
[31May2025 22:25:12.560] [main/DEBUG] [sophisticatedbackpacks/]: Started loading registry data from sophisticatedbackpacks:compat/framedcompactdrawers/block_tools 
[31May2025 22:25:12.560] [main/DEBUG] [sophisticatedbackpacks/]: Started loading registry data from sophisticatedbackpacks:compat/iceandfire/entity_tools 
[31May2025 22:25:12.560] [main/DEBUG] [sophisticatedbackpacks/]: Started loading registry data from sophisticatedbackpacks:compat/storagedrawers/block_tools 
[31May2025 22:25:12.560] [main/DEBUG] [sophisticatedbackpacks/]: Started loading registry data from sophisticatedbackpacks:compat/mcwroofs/block_tools 
[31May2025 22:25:12.560] [main/DEBUG] [sophisticatedbackpacks/]: Started loading registry data from sophisticatedbackpacks:compat/morphtool/block_tools 
[31May2025 22:25:12.560] [main/DEBUG] [sophisticatedbackpacks/]: Started loading registry data from sophisticatedbackpacks:compat/botania/block_tools 
[31May2025 22:25:12.560] [main/DEBUG] [sophisticatedbackpacks/]: Started loading registry data from sophisticatedbackpacks:compat/pneumaticraft/block_tools 
[31May2025 22:25:12.560] [main/DEBUG] [sophisticatedbackpacks/]: Started loading registry data from sophisticatedbackpacks:compat/shrink/entity_tools 
[31May2025 22:25:12.560] [main/DEBUG] [sophisticatedbackpacks/]: Started loading registry data from sophisticatedbackpacks:compat/blockcarpentry/block_tools 
[31May2025 22:25:12.560] [main/DEBUG] [sophisticatedbackpacks/]: Started loading registry data from sophisticatedbackpacks:compat/pipez/block_tools 
[31May2025 22:25:12.560] [main/DEBUG] [sophisticatedbackpacks/]: Started loading registry data from sophisticatedbackpacks:compat/transport/block_tools 
[31May2025 22:25:12.560] [main/DEBUG] [sophisticatedbackpacks/]: Started loading registry data from sophisticatedbackpacks:compat/thermal/block_tools 
[31May2025 22:25:12.560] [main/DEBUG] [sophisticatedbackpacks/]: Started loading registry data from sophisticatedbackpacks:block_tools 
[31May2025 22:25:12.560] [main/DEBUG] [sophisticatedbackpacks/]: Finished loading registry data for sophisticatedbackpacks:block_tools
[31May2025 22:25:12.560] [main/DEBUG] [sophisticatedbackpacks/]: Started loading registry data from sophisticatedbackpacks:compat/create/block_tools 
[31May2025 22:25:12.560] [main/DEBUG] [sophisticatedbackpacks/]: Started loading registry data from sophisticatedbackpacks:compat/farmersdelight/entity_tools 
[31May2025 22:25:12.560] [main/DEBUG] [sophisticatedbackpacks/]: Started loading registry data from sophisticatedbackpacks:compat/refinedstorage/block_tools 
[31May2025 22:25:12.560] [main/DEBUG] [sophisticatedbackpacks/]: Started loading registry data from sophisticatedbackpacks:compat/chiselsandbits/block_tools 
[31May2025 22:25:12.561] [main/DEBUG] [sophisticatedbackpacks/]: Started loading registry data from sophisticatedbackpacks:compat/farmersdelight/block_tools 
[31May2025 22:25:12.561] [main/DEBUG] [sophisticatedbackpacks/]: Started loading registry data from sophisticatedbackpacks:compat/resourcefulbees/entity_tools 
[31May2025 22:25:12.561] [main/DEBUG] [sophisticatedbackpacks/]: Started loading registry data from sophisticatedbackpacks:compat/tetra/swords 
[31May2025 22:25:12.561] [main/DEBUG] [sophisticatedbackpacks/]: Started loading registry data from sophisticatedbackpacks:swords 
[31May2025 22:25:12.561] [main/DEBUG] [sophisticatedbackpacks/]: Finished loading registry data for sophisticatedbackpacks:swords
[31May2025 22:25:12.561] [main/DEBUG] [sophisticatedbackpacks/]: Started loading registry data from sophisticatedbackpacks:compat/mythicbotany/block_tools 
[31May2025 22:25:12.561] [main/DEBUG] [sophisticatedbackpacks/]: Started loading registry data from sophisticatedbackpacks:compat/resourcefulbees/block_tools 
[31May2025 22:25:12.561] [main/DEBUG] [sophisticatedbackpacks/]: Started loading registry data from sophisticatedbackpacks:compat/syp/entity_tools 
[31May2025 22:25:12.561] [main/DEBUG] [sophisticatedbackpacks/]: Started loading registry data from sophisticatedbackpacks:compat/eidolon/block_tools 
[31May2025 22:25:12.561] [main/DEBUG] [sophisticatedbackpacks/]: Started loading registry data from sophisticatedbackpacks:compat/rftoolsbase/block_tools 
[31May2025 22:25:13.301] [main/DEBUG] [net.minecraftforge.common.ForgeHooks/WP]: Gathering id map for writing to world save world
[31May2025 22:25:13.315] [main/DEBUG] [net.minecraftforge.common.ForgeHooks/WP]: ID Map collection complete world
[31May2025 22:25:13.359] [Server thread/INFO] [net.minecraft.server.dedicated.DedicatedServer/]: Starting minecraft server version 1.20.1
[31May2025 22:25:13.359] [Server thread/INFO] [net.minecraft.server.dedicated.DedicatedServer/]: Loading properties
[31May2025 22:25:13.360] [Server thread/INFO] [net.minecraft.server.dedicated.DedicatedServer/]: Default game type: SURVIVAL
[31May2025 22:25:13.360] [Server thread/INFO] [net.minecraft.server.MinecraftServer/]: Generating keypair
[31May2025 22:25:13.450] [Server thread/INFO] [net.minecraft.server.dedicated.DedicatedServer/]: Starting Minecraft server on *:25565
[31May2025 22:25:13.461] [Server thread/DEBUG] [net.minecraftforge.network.DualStackUtils/]: Detected IPv6 address: "0:0:0:0:0:0:0:0"
[31May2025 22:25:13.467] [Server thread/DEBUG] [io.netty.util.internal.NativeLibraryLoader/]: -Dio.netty.native.workdir: /tmp (io.netty.tmpdir)
[31May2025 22:25:13.467] [Server thread/DEBUG] [io.netty.util.internal.NativeLibraryLoader/]: -Dio.netty.native.deleteLibAfterLoading: true
[31May2025 22:25:13.467] [Server thread/DEBUG] [io.netty.util.internal.NativeLibraryLoader/]: -Dio.netty.native.tryPatchShadedId: true
[31May2025 22:25:13.467] [Server thread/DEBUG] [io.netty.util.internal.NativeLibraryLoader/]: -Dio.netty.native.detectNativeLibraryDuplicates: true
[31May2025 22:25:13.474] [Server thread/DEBUG] [io.netty.util.internal.NativeLibraryLoader/]: Successfully loaded the library /tmp/libnetty_transport_native_epoll_x86_6412661805483303387759.so
[31May2025 22:25:13.476] [Server thread/DEBUG] [io.netty.util.NetUtil/]: -Djava.net.preferIPv4Stack: false
[31May2025 22:25:13.476] [Server thread/DEBUG] [io.netty.util.NetUtil/]: -Djava.net.preferIPv6Addresses: true
[31May2025 22:25:13.478] [Server thread/DEBUG] [io.netty.util.NetUtilInitializations/]: Loopback interface: lo (lo, 0:0:0:0:0:0:0:1%lo)
[31May2025 22:25:13.478] [Server thread/DEBUG] [io.netty.util.NetUtil/]: /proc/sys/net/core/somaxconn: 4096
[31May2025 22:25:13.481] [Server thread/INFO] [net.minecraft.server.network.ServerConnectionListener/]: Using epoll channel type
[31May2025 22:25:13.491] [Server thread/DEBUG] [io.netty.channel.MultithreadEventLoopGroup/]: -Dio.netty.eventLoopThreads: 8
[31May2025 22:25:13.501] [Server thread/DEBUG] [io.netty.util.internal.InternalThreadLocalMap/]: -Dio.netty.threadLocalMap.stringBuilder.initialSize: 1024
[31May2025 22:25:13.501] [Server thread/DEBUG] [io.netty.util.internal.InternalThreadLocalMap/]: -Dio.netty.threadLocalMap.stringBuilder.maxSize: 4096
[31May2025 22:25:13.509] [Server thread/DEBUG] [io.netty.util.internal.PlatformDependent/]: org.jctools-core.MpscChunkedArrayQueue: available
[31May2025 22:25:13.515] [Server thread/DEBUG] [io.netty.channel.DefaultChannelId/]: -Dio.netty.processId: 3976 (auto-detected)
[31May2025 22:25:13.516] [Server thread/DEBUG] [io.netty.channel.DefaultChannelId/]: -Dio.netty.machineId: 7c:1e:52:ff:fe:25:9c:ba (auto-detected)
[31May2025 22:25:13.534] [Server thread/DEBUG] [io.netty.buffer.PooledByteBufAllocator/]: -Dio.netty.allocator.numHeapArenas: 8
[31May2025 22:25:13.534] [Server thread/DEBUG] [io.netty.buffer.PooledByteBufAllocator/]: -Dio.netty.allocator.numDirectArenas: 8
[31May2025 22:25:13.534] [Server thread/DEBUG] [io.netty.buffer.PooledByteBufAllocator/]: -Dio.netty.allocator.pageSize: 8192
[31May2025 22:25:13.534] [Server thread/DEBUG] [io.netty.buffer.PooledByteBufAllocator/]: -Dio.netty.allocator.maxOrder: 9
[31May2025 22:25:13.534] [Server thread/DEBUG] [io.netty.buffer.PooledByteBufAllocator/]: -Dio.netty.allocator.chunkSize: 4194304
[31May2025 22:25:13.534] [Server thread/DEBUG] [io.netty.buffer.PooledByteBufAllocator/]: -Dio.netty.allocator.smallCacheSize: 256
[31May2025 22:25:13.534] [Server thread/DEBUG] [io.netty.buffer.PooledByteBufAllocator/]: -Dio.netty.allocator.normalCacheSize: 64
[31May2025 22:25:13.534] [Server thread/DEBUG] [io.netty.buffer.PooledByteBufAllocator/]: -Dio.netty.allocator.maxCachedBufferCapacity: 32768
[31May2025 22:25:13.534] [Server thread/DEBUG] [io.netty.buffer.PooledByteBufAllocator/]: -Dio.netty.allocator.cacheTrimInterval: 8192
[31May2025 22:25:13.534] [Server thread/DEBUG] [io.netty.buffer.PooledByteBufAllocator/]: -Dio.netty.allocator.cacheTrimIntervalMillis: 0
[31May2025 22:25:13.535] [Server thread/DEBUG] [io.netty.buffer.PooledByteBufAllocator/]: -Dio.netty.allocator.useCacheForAllThreads: false
[31May2025 22:25:13.535] [Server thread/DEBUG] [io.netty.buffer.PooledByteBufAllocator/]: -Dio.netty.allocator.maxCachedByteBuffersPerChunk: 1023
[31May2025 22:25:13.542] [Server thread/DEBUG] [io.netty.buffer.ByteBufUtil/]: -Dio.netty.allocator.type: pooled
[31May2025 22:25:13.542] [Server thread/DEBUG] [io.netty.buffer.ByteBufUtil/]: -Dio.netty.threadLocalDirectBufferSize: 0
[31May2025 22:25:13.542] [Server thread/DEBUG] [io.netty.buffer.ByteBufUtil/]: -Dio.netty.maxThreadLocalCharBufferSize: 16384
[31May2025 22:25:13.549] [Server thread/WARN] [net.minecraft.server.dedicated.DedicatedServer/]: **** SERVER IS RUNNING IN OFFLINE/INSECURE MODE!
[31May2025 22:25:13.550] [Server thread/WARN] [net.minecraft.server.dedicated.DedicatedServer/]: The server will make no attempt to authenticate usernames. Beware.
[31May2025 22:25:13.550] [Server thread/WARN] [net.minecraft.server.dedicated.DedicatedServer/]: While this makes the game possible to play without internet access, it also opens up the ability for hackers to connect with any username they choose.
[31May2025 22:25:13.550] [Server thread/WARN] [net.minecraft.server.dedicated.DedicatedServer/]: To change this, set "online-mode" to "true" in the server.properties file.
[31May2025 22:25:13.563] [Server thread/DEBUG] [net.minecraftforge.fml.config.ConfigTracker/CONFIG]: Loading configs type SERVER
[31May2025 22:25:13.564] [Server thread/DEBUG] [net.minecraftforge.fml.config.ConfigFileTypeHandler/CONFIG]: Built TOML config for ./world/serverconfig/jei-server.toml
[31May2025 22:25:13.564] [Server thread/DEBUG] [net.minecraftforge.fml.config.ConfigFileTypeHandler/CONFIG]: Loaded TOML config file ./world/serverconfig/jei-server.toml
[31May2025 22:25:13.565] [Server thread/DEBUG] [net.minecraftforge.fml.config.ConfigFileTypeHandler/CONFIG]: Watching TOML config file ./world/serverconfig/jei-server.toml for changes
[31May2025 22:25:13.565] [Thread-1/DEBUG] [net.minecraftforge.fml.config.ConfigFileTypeHandler/CONFIG]: Config file jei-server.toml changed, sending notifies
[31May2025 22:25:13.565] [Server thread/DEBUG] [net.minecraftforge.fml.config.ConfigFileTypeHandler/CONFIG]: Built TOML config for ./world/serverconfig/cgm-server.toml
[31May2025 22:25:13.566] [Thread-1/DEBUG] [net.minecraftforge.fml.config.ConfigFileTypeHandler/CONFIG]: Config file jei-server.toml changed, sending notifies
[31May2025 22:25:13.566] [Server thread/DEBUG] [net.minecraftforge.fml.config.ConfigFileTypeHandler/CONFIG]: Loaded TOML config file ./world/serverconfig/cgm-server.toml
[31May2025 22:25:13.566] [Server thread/DEBUG] [net.minecraftforge.fml.config.ConfigFileTypeHandler/CONFIG]: Watching TOML config file ./world/serverconfig/cgm-server.toml for changes
[31May2025 22:25:13.566] [Server thread/DEBUG] [net.minecraftforge.fml.config.ConfigFileTypeHandler/CONFIG]: Built TOML config for ./world/serverconfig/gravestone-server.toml
[31May2025 22:25:13.567] [Server thread/DEBUG] [net.minecraftforge.fml.config.ConfigFileTypeHandler/CONFIG]: Loaded TOML config file ./world/serverconfig/gravestone-server.toml
[31May2025 22:25:13.567] [Server thread/DEBUG] [net.minecraftforge.fml.config.ConfigFileTypeHandler/CONFIG]: Watching TOML config file ./world/serverconfig/gravestone-server.toml for changes
[31May2025 22:25:13.568] [Thread-1/DEBUG] [net.minecraftforge.fml.config.ConfigFileTypeHandler/CONFIG]: Config file cgm-server.toml changed, sending notifies
[31May2025 22:25:13.569] [Thread-1/DEBUG] [net.minecraftforge.fml.config.ConfigFileTypeHandler/CONFIG]: Config file gravestone-server.toml changed, sending notifies
[31May2025 22:25:13.569] [Server thread/DEBUG] [net.minecraftforge.fml.config.ConfigFileTypeHandler/CONFIG]: Built TOML config for ./world/serverconfig/sophisticatedbackpacks-server.toml
[31May2025 22:25:13.570] [Thread-1/DEBUG] [net.minecraftforge.fml.config.ConfigFileTypeHandler/CONFIG]: Config file gravestone-server.toml changed, sending notifies
[31May2025 22:25:13.571] [Server thread/DEBUG] [net.minecraftforge.fml.config.ConfigFileTypeHandler/CONFIG]: Loaded TOML config file ./world/serverconfig/sophisticatedbackpacks-server.toml
[31May2025 22:25:13.571] [Server thread/DEBUG] [net.minecraftforge.fml.config.ConfigFileTypeHandler/CONFIG]: Watching TOML config file ./world/serverconfig/sophisticatedbackpacks-server.toml for changes
[31May2025 22:25:13.574] [Thread-1/DEBUG] [net.minecraftforge.fml.config.ConfigFileTypeHandler/CONFIG]: Config file sophisticatedbackpacks-server.toml changed, sending notifies
[31May2025 22:25:13.575] [Server thread/DEBUG] [net.minecraftforge.fml.config.ConfigFileTypeHandler/CONFIG]: Built TOML config for ./world/serverconfig/forge-server.toml
[31May2025 22:25:13.575] [Server thread/DEBUG] [net.minecraftforge.fml.config.ConfigFileTypeHandler/CONFIG]: Loaded TOML config file ./world/serverconfig/forge-server.toml
[31May2025 22:25:13.575] [Server thread/DEBUG] [net.minecraftforge.fml.config.ConfigFileTypeHandler/CONFIG]: Watching TOML config file ./world/serverconfig/forge-server.toml for changes
[31May2025 22:25:13.575] [Server thread/DEBUG] [net.minecraftforge.common.ForgeConfig/FORGEMOD]: Loaded forge config file forge-server.toml
[31May2025 22:25:13.576] [Thread-1/DEBUG] [net.minecraftforge.fml.config.ConfigFileTypeHandler/CONFIG]: Config file sophisticatedbackpacks-server.toml changed, sending notifies
[31May2025 22:25:13.578] [Server thread/DEBUG] [mixin/]: Mixing accessor.BiomeSpecialEffectsBuilderForgeAccessor from puzzleslib.forge.mixins.json into net.minecraft.world.level.biome.BiomeSpecialEffects$Builder
[31May2025 22:25:13.667] [Server thread/INFO] [Framework/]: Loading server configs...
[31May2025 22:25:13.687] [Server thread/INFO] [net.minecraft.server.dedicated.DedicatedServer/]: Preparing level "world"
[31May2025 22:25:13.693] [Server thread/DEBUG] [net.minecraftforge.coremod.transformer.CoreModBaseTransformer/COREMOD]: Transforming net/minecraft/world/level/levelgen/PhantomSpawner
[31May2025 22:25:13.700] [Server thread/DEBUG] [net.minecraftforge.coremod.transformer.CoreModBaseTransformer/COREMOD]: Transforming net/minecraft/world/level/levelgen/PatrolSpawner
[31May2025 22:25:13.704] [Server thread/DEBUG] [net.minecraftforge.coremod.transformer.CoreModBaseTransformer/COREMOD]: Transforming net/minecraft/world/entity/npc/CatSpawner
[31May2025 22:25:13.709] [Server thread/DEBUG] [net.minecraftforge.coremod.transformer.CoreModBaseTransformer/COREMOD]: Transforming net/minecraft/world/entity/ai/village/VillageSiege
[31May2025 22:25:13.998] [Server thread/DEBUG] [io.netty.buffer.AbstractByteBuf/]: -Dio.netty.buffer.checkAccessible: true
[31May2025 22:25:13.998] [Server thread/DEBUG] [io.netty.buffer.AbstractByteBuf/]: -Dio.netty.buffer.checkBounds: true
[31May2025 22:25:13.999] [Server thread/DEBUG] [io.netty.util.ResourceLeakDetectorFactory/]: Loaded default ResourceLeakDetector: io.netty.util.ResourceLeakDetector@69dbfa74
[31May2025 22:25:16.656] [Server thread/INFO] [net.minecraft.server.MinecraftServer/]: Preparing start region for dimension minecraft:overworld
[31May2025 22:25:17.312] [Server thread/DEBUG] [mixin/]: Mixing MixinChunkSerializer from architectury.mixins.json into net.minecraft.world.level.chunk.storage.ChunkSerializer
[31May2025 22:25:17.742] [Server thread/DEBUG] [net.minecraftforge.coremod.transformer.CoreModBaseTransformer/COREMOD]: Transforming net/minecraft/world/level/levelgen/structure/templatesystem/StructureTemplate
[31May2025 22:25:19.609] [Worker-Main-3/INFO] [net.minecraft.server.level.progress.LoggerChunkProgressListener/]: Preparing spawn area: 0%
[31May2025 22:25:19.655] [Worker-Main-1/INFO] [net.minecraft.server.level.progress.LoggerChunkProgressListener/]: Preparing spawn area: 0%
[31May2025 22:25:19.677] [Worker-Main-2/INFO] [net.minecraft.server.level.progress.LoggerChunkProgressListener/]: Preparing spawn area: 0%
[31May2025 22:25:19.689] [Worker-Main-1/INFO] [net.minecraft.server.level.progress.LoggerChunkProgressListener/]: Preparing spawn area: 0%
[31May2025 22:25:19.710] [Worker-Main-1/INFO] [net.minecraft.server.level.progress.LoggerChunkProgressListener/]: Preparing spawn area: 0%
[31May2025 22:25:19.716] [Worker-Main-2/INFO] [net.minecraft.server.level.progress.LoggerChunkProgressListener/]: Preparing spawn area: 0%
[31May2025 22:25:19.742] [Worker-Main-1/INFO] [net.minecraft.server.level.progress.LoggerChunkProgressListener/]: Preparing spawn area: 0%
[31May2025 22:25:20.158] [Worker-Main-3/INFO] [net.minecraft.server.level.progress.LoggerChunkProgressListener/]: Preparing spawn area: 0%
[31May2025 22:25:20.379] [Server thread/DEBUG] [mixin/]: Mixing CombatTrackerAccessor from playerrevive.mixins.json into net.minecraft.world.damagesource.CombatTracker
[31May2025 22:25:20.399] [Server thread/DEBUG] [mixin/]: Mixing WalkNodeEvaluatorMixin from diagonalblocks.common.mixins.json into net.minecraft.world.level.pathfinder.WalkNodeEvaluator
[31May2025 22:25:20.657] [Worker-Main-1/INFO] [net.minecraft.server.level.progress.LoggerChunkProgressListener/]: Preparing spawn area: 26%
[31May2025 22:25:21.157] [Server thread/INFO] [net.minecraft.server.level.progress.LoggerChunkProgressListener/]: Time elapsed: 4501 ms
[31May2025 22:25:21.158] [Server thread/INFO] [net.minecraft.server.dedicated.DedicatedServer/]: Done (7.595s)! For help, type "help"
[31May2025 22:25:21.165] [Server thread/DEBUG] [net.minecraftforge.network.DualStackUtils/]: Detected IPv6 address: "0:0:0:0:0:0:0:0"
[31May2025 22:25:21.180] [Server thread/DEBUG] [net.minecraftforge.common.ForgeI18n/CORE]: Loading I18N data entries: 3510
[31May2025 22:25:21.182] [Server thread/INFO] [net.minecraftforge.server.permission.PermissionAPI/]: Successfully initialized permission handler forge:default_handler
[31May2025 22:25:21.186] [Server thread/WARN] [voicechat/]: [voicechat] Running in offline mode - Voice chat encryption is not secure!
[31May2025 22:25:21.190] [Server thread/DEBUG] [voicechat/]: [voicechat] Using default voicechat socket implementation
[31May2025 22:25:21.194] [VoiceChatServerThread/INFO] [voicechat/]: [voicechat] Voice host is 'cell-libraries.gl.at.ply.gg'
[31May2025 22:25:21.194] [Server thread/DEBUG] [voicechat/]: [voicechat] Synchronizing volume category own_voice with all players
[31May2025 22:25:21.194] [VoiceChatServerThread/INFO] [voicechat/]: [voicechat] Voice chat server started at port 2982
[31May2025 22:25:21.259] [Server thread/DEBUG] [voicechat/]: [voicechat] Synchronizing volume category radios with all players
[31May2025 22:25:21.259] [Server thread/DEBUG] [voicechat/]: [voicechat] Synchronizing volume category transceivers with all players
[31May2025 22:25:21.293] [Server thread/DEBUG] [net.minecraftforge.coremod.transformer.CoreModBaseTransformer/COREMOD]: Transforming net/minecraft/world/level/NaturalSpawner
[31May2025 22:25:21.386] [Server thread/DEBUG] [io.netty.util.internal.ThreadLocalRandom/]: -Dio.netty.initialSeedUniquifier: 0xa905ffc189fdaf94
[31May2025 22:27:10.125] [Netty Epoll Server IO #2/DEBUG] [io.netty.util.Recycler/]: -Dio.netty.recycler.maxCapacityPerThread: 4096
[31May2025 22:27:10.125] [Netty Epoll Server IO #2/DEBUG] [io.netty.util.Recycler/]: -Dio.netty.recycler.ratio: 8
[31May2025 22:27:10.125] [Netty Epoll Server IO #2/DEBUG] [io.netty.util.Recycler/]: -Dio.netty.recycler.chunkSize: 32
[31May2025 22:27:10.125] [Netty Epoll Server IO #2/DEBUG] [io.netty.util.Recycler/]: -Dio.netty.recycler.blocking: false
[31May2025 22:30:21.262] [Server thread/DEBUG] [net.minecraftforge.common.ForgeHooks/WP]: Gathering id map for writing to world save world
[31May2025 22:30:21.293] [Server thread/DEBUG] [net.minecraftforge.common.ForgeHooks/WP]: ID Map collection complete world
